"id","total","created_at"
"5e991856-4502-4501-8548-6fff739bae2c",985.04,"2021-05-07T00:06:08.142Z"
"6756232b-4269-4bf8-93cf-c64c188ed965",338.46,"2022-02-06T21:56:43.810Z"
"afd8481f-18cd-4cd8-9733-c99cab626233",656.1,"2020-10-02T14:31:04.548Z"
"d5cad4f0-bf86-412e-9879-9c1425037db2",624.21,"2021-05-06T12:43:44.934Z"
"10c15298-af2a-430f-9e05-9bebda41ae4f",771.24,"2021-04-05T08:50:31.229Z"
"92c98017-40ef-4efa-a035-668e6ad5e8d7",705.41,"2021-09-06T12:03:08.097Z"
"aa48f49c-6608-4592-93a5-4677b2b7510e",779.86,"2021-08-10T01:13:52.991Z"
"75638c73-74c7-43af-bd6c-7772e38bccd7",881.46,"2021-07-14T21:50:35.100Z"
"edfd4488-ea68-4bbc-8a94-51b1cfe2e5f7",365.02,"2021-11-18T16:45:01.006Z"
"454d0f9a-1969-43cb-a4f1-2417d93297e1",293.63,"2021-02-17T05:10:08.536Z"
"1cd5bacc-dcc5-4ac7-bdfc-fc34ae682a47",690.86,"2021-06-23T12:20:10.387Z"
"e2823704-b069-4251-a732-ef37d1cbecb7",372.63,"2021-05-05T16:10:20.616Z"
"c90ee334-fab3-4e6d-aa61-944f3b8f04ab",383.2,"2020-07-20T23:46:21.576Z"
"d2dda38f-87e2-461b-bdf2-7435ef163e9d",558.96,"2021-05-15T06:33:56.178Z"
"e957c099-c5e8-4e1d-89f9-fe86425b38c3",61.17,"2021-08-14T23:29:53.466Z"
"0e3a9f9e-105b-4625-ad41-3a10a8ca1527",957.11,"2021-12-05T23:46:00.209Z"
"0e81e86e-5d82-4a4e-840c-d7b6a09febfc",898.97,"2021-05-05T22:40:05.933Z"
"b8cc19db-49ca-4939-bb12-2ee7852c0029",534.17,"2021-04-02T06:31:45.795Z"
"267da801-87e7-4684-b82d-1329533b3c15",390.17,"2022-01-10T21:22:47.064Z"
"e3335712-3dee-4454-a2d5-64d60bbf25a9",723.9,"2022-03-02T20:51:39.915Z"
"9254b553-3074-4df4-8e99-5b2f2e95bf24",741.62,"2021-11-05T20:36:45.229Z"
"1f61c22f-0e6a-409d-ad9b-a0ea18e225fc",19.52,"2021-10-22T12:30:15.090Z"
"13b1e2a1-41bc-4cba-81a5-fa340e356dfb",81.46,"2020-09-30T05:53:31.213Z"
"0c38ecbd-28c4-49a6-9a84-a1e53b959763",596.18,"2021-12-22T23:26:55.097Z"
"570374cb-acf4-40a9-b2e6-917ac2816474",130.08,"2020-07-02T03:22:39.505Z"
"3d9d97a8-4e9a-432c-b444-b0d5f85e146a",123.9,"2020-02-09T19:59:13.571Z"
"a8ee93e6-4356-41a3-9fc0-544f7dbd29d0",929.13,"2021-06-20T20:56:53.743Z"
"2929978b-9910-4611-bd6d-ae666c956f06",747.12,"2020-10-18T11:39:48.803Z"
"77103177-342b-4fa2-a07d-97c12d22c110",795.43,"2022-01-04T18:35:15.752Z"
"35b3085a-9a97-4885-bfce-b2f655aa74c5",512.08,"2021-10-13T08:26:45.192Z"
"f424edbb-4a72-4870-a45b-d6c3b8e121b6",314.64,"2022-01-26T13:49:23.038Z"
"f2b50a6b-544e-4299-981d-b874db19cf45",248.5,"2021-11-04T02:27:16.445Z"
"f2c7dfd7-e65b-4b9b-a3d4-b009c5aa2ac6",696.07,"2021-01-31T16:17:08.305Z"
"007e0cca-0a47-4143-9eed-ff5d5537d68e",445.7,"2021-02-19T10:22:22.282Z"
"19b97573-6e2e-4398-a9c1-bb6e80ac8024",469.67,"2021-07-12T02:34:13.831Z"
"a2ba974b-c9f8-494a-936d-3a9d40d25203",497.49,"2020-05-09T00:43:03.013Z"
"60da51a2-d0ee-40ac-9d2e-9cab99569396",615.46,"2021-03-27T07:58:04.801Z"
"75d5e9d2-afcc-404c-b5b6-1304776965a6",672.7,"2020-12-13T15:26:00.264Z"
"eb90098c-fced-4340-90bc-7ccab47b49ba",164.74,"2021-06-19T03:11:21.204Z"
"2e022c32-6221-4b0a-9940-7b4c58e3754e",198.63,"2021-05-17T13:37:29.385Z"
"d5a9dc9e-def8-416d-b1d8-4aca120c08ac",74.26,"2021-01-25T06:36:54.341Z"
"b01021b3-4ebc-44bd-aa06-c3ead19b0ef4",334.2,"2021-08-31T11:27:48.847Z"
"f3d52b4f-1fbb-46d4-b422-c2c170fc1b5e",794.73,"2021-04-02T15:38:45.065Z"
"903a6203-7da8-4a2e-a744-fe3666ae21e4",483.47,"2020-05-12T06:18:39.935Z"
"4c09919b-5fd1-4fad-a62d-4d87342ecd41",879.57,"2021-10-09T20:41:50.940Z"
"8507f7e6-db13-4313-a5aa-bf252e3ffddb",509.02,"2020-11-15T03:32:17.776Z"
"83f89758-8624-4ead-99a2-f6c8c5dc5e8f",206.66,"2021-05-23T19:46:19.166Z"
"4f992f96-a90c-4178-acc0-b3345c14ddab",505.08,"2021-02-21T22:41:42.631Z"
"6c51992a-ff0d-438d-a5b1-7886b98873ea",62.83,"2020-03-02T14:34:03.741Z"
"32465cb0-3d3e-4281-9682-fa1ed77f19fb",746.64,"2021-10-16T13:58:31.235Z"
"de35bfc0-591d-4377-a810-7ffa5c4f0aa1",363.81,"2020-08-10T02:20:45.845Z"
"78343052-b9d6-4d9c-b9cd-b884aa6513b7",306.52,"2021-07-20T22:26:18.774Z"
"8eaa9cbd-88f2-451b-8185-7e94db2f4918",259.53,"2021-12-13T07:29:25.230Z"
"dc4836fb-8675-4574-9629-4647e8dde081",927.36,"2021-06-14T00:18:06.866Z"
"eae98434-170e-43d8-b245-a64db3cc7e76",116.93,"2021-05-04T14:32:25.189Z"
"027725ed-c103-45e1-a802-61c402b25e2c",994.59,"2020-10-15T08:50:04.032Z"
"4a9236ee-ceea-4417-85c3-9d9316d8995b",620.42,"2021-12-06T09:56:04.323Z"
"2c9f1447-5929-4463-9bc1-1f2fadc84d1e",345.79,"2020-05-12T11:57:24.841Z"
"d92c32fe-bfeb-4056-8bb1-bb3fb8aaa5a4",179.29,"2020-05-22T08:18:54.506Z"
"583e0e2c-bc91-49d5-a6a4-5a2953b1981c",305.09,"2020-07-06T05:04:54.702Z"
"4f9e093a-e863-4dd7-9e9b-e516656ce34c",422.84,"2021-06-22T03:07:23.992Z"
"c4810152-c71a-4c59-ae78-16787881ac0e",695.07,"2021-07-31T13:53:17.189Z"
"c5df98df-722e-4a4e-8bb0-dd36f14fc575",486.87,"2020-07-10T05:37:22.638Z"
"1d0a51c5-8806-4e62-b787-59b78ee72e81",144.29,"2020-11-27T19:23:36.223Z"
"cc269663-fe65-4dd0-a5e9-bde9ed2cc575",550.77,"2020-11-18T07:02:32.279Z"
"e7cfc6b9-0062-43a4-9fff-95c3f3179f2b",275.94,"2020-09-27T08:31:22.127Z"
"ef72f9fa-5059-4320-a0f3-fbb944652886",553.58,"2020-03-19T13:03:22.716Z"
"152ba800-3590-4964-aff3-70a5d48d8dba",618.51,"2022-01-21T09:28:07.406Z"
"9c8a0378-88c1-4074-a8c2-b7cbded76044",445.64,"2021-01-18T04:32:37.230Z"
"fcbaf04c-dff6-442c-b09d-a7e5246d23b3",919.01,"2021-02-28T17:19:59.001Z"
"06460bce-098b-4c7e-8f60-a142f3c963ac",693.62,"2020-07-04T10:11:03.822Z"
"bf813f8a-431f-4f34-b097-a883fcbc7860",837.31,"2020-12-24T17:15:12.458Z"
"bb250555-aa26-4aaf-a2a1-0d6fd63c6bf9",407.21,"2020-06-26T12:23:40.419Z"
"835d0ab3-cec0-4a4e-8734-af8ffe2183e5",829.56,"2021-12-31T23:51:23.663Z"
"f939b3b1-073c-4faf-9477-8d34dd2ed383",56.46,"2021-10-20T18:03:54.060Z"
"2f262417-5996-4988-8230-e8652e3dd709",869,"2021-01-12T11:55:47.727Z"
"c1da074c-e878-47f5-b85c-5538f797d8c0",464.21,"2021-07-28T05:52:11.236Z"
"88636869-e916-4456-bbb5-a04018515ee2",444.88,"2020-05-21T00:37:53.584Z"
"3033e4c3-cbb0-49f7-a6e8-aaf0bdaf70a2",424.53,"2020-08-21T21:14:05.346Z"
"f412a4a3-7533-4d2a-aaed-c99925d19a60",530.54,"2020-02-02T18:27:16.292Z"
"90bb0bc1-4a90-4d89-b67a-bf3ad8ce75ce",715.49,"2021-03-13T05:51:38.634Z"
"d1928510-6b0d-4671-af53-4d9d64b164fa",828.4,"2020-12-22T00:53:06.448Z"
"6cfadcc3-cb6a-4624-9fba-b3d74d77b24c",129.71,"2021-01-01T07:05:04.947Z"
"48d98907-e192-445c-82ca-a2d9fbc6a20d",156.38,"2020-05-30T22:39:42.615Z"
"7629adc1-2a4a-4bff-b752-95348b7680fc",359.27,"2020-10-17T22:28:02.984Z"
"93310345-b5e8-4a9a-93f9-f73c8fa92b54",79.08,"2020-01-28T20:08:55.467Z"
"884e611b-19b1-446e-b0e4-6dc1eb6a821a",281.67,"2020-04-28T14:06:59.436Z"
"871b5181-d161-4b1a-90d5-e66a56ffb2c0",714.56,"2020-11-11T05:46:24.569Z"
"7de9a242-8b2e-4029-ba83-7122e7d66f3c",934.24,"2020-02-15T18:57:31.919Z"
"f32b55d1-d4a5-47c5-b282-9c6a979fa513",59.51,"2021-04-23T22:35:59.898Z"
"73e16abd-841b-4d94-9194-e862de5a491c",730.09,"2020-06-11T11:54:26.846Z"
"a602726f-f38f-4359-af8f-8b1f23c4ea1b",713.25,"2020-08-20T01:38:59.717Z"
"83ab83de-ed4b-450e-89c6-e83de4876363",912.86,"2021-03-13T02:29:28.448Z"
"94ccd483-dfbc-42ac-b615-27e53190db40",483.24,"2020-10-15T18:35:29.291Z"
"334724cf-c09c-41c6-a305-28b270f8c8cf",924.67,"2021-07-30T04:35:01.855Z"
"0cf2d51a-7c91-41bc-ad72-d9156b928dc9",997.79,"2021-04-15T06:45:17.281Z"
"ebb0ff64-b546-434a-add1-9ee43c76468e",254.27,"2020-08-25T04:20:57.193Z"
"1a1110d8-4467-433a-b8a3-482bc3f52937",130.27,"2020-12-31T03:12:58.787Z"
"b7f61c04-7386-43d3-aa36-e6a752eebb73",453.32,"2020-11-24T05:28:01.618Z"
"779cdcf8-f94d-418b-8133-e97611500a0d",843.77,"2020-09-01T23:51:56.549Z"
"c44becf6-4c47-408b-82aa-a7ce6492aa68",909.77,"2021-04-15T12:55:01.650Z"
"f3f97f3e-2efd-4d54-b159-5071f95fe1c6",101.11,"2021-12-09T09:49:43.347Z"
"ab217ec1-5524-4c5f-9ad5-94c24723d629",276.41,"2020-11-30T19:50:47.870Z"
"5b19a3b1-eec1-4dde-a103-a3d81e9da138",609.09,"2020-09-28T08:17:45.666Z"
"067e9953-c38d-47b0-8764-4be158d4fcd1",351.69,"2020-02-11T16:03:53.318Z"
"31097b8f-de9c-4956-97da-9e9f5649047b",378.17,"2020-09-04T17:23:55.864Z"
"ba768c77-9c2a-4c0f-9970-9fd8e05083d4",814.96,"2021-01-03T19:37:52.186Z"
"fe7ebef0-3da0-4ce3-a802-95d6044f4f67",253.34,"2021-08-28T16:31:04.214Z"
"b5ea2ad2-0772-490b-87d4-e3307eed5e0d",175.69,"2020-06-20T06:59:01.582Z"
"b488c655-18c2-4944-9f97-96eb21934208",408.95,"2021-12-11T05:56:32.006Z"
"969ee089-0a73-4fa9-afe7-31e69b71f4ed",657.68,"2020-11-12T20:10:26.658Z"
"f2b575ea-fc69-46e8-af49-2f2ae5571d1a",546.69,"2021-05-12T21:01:34.471Z"
"3f52ee01-ce27-49eb-9156-9eeff21b2282",558.6,"2020-07-03T03:58:42.895Z"
"d8310501-4aeb-4c46-8cd7-24bca0658037",251.91,"2021-10-10T22:15:14.186Z"
"7d4ba364-3ab1-4c49-b2c3-10e6026c75b3",995.62,"2021-01-17T16:44:54.807Z"
"0dbf36b1-11a3-473a-b8e5-ddcd771f5d85",862.79,"2022-01-18T16:53:14.435Z"
"e64319bf-a5c2-48fc-a6c4-4aaa02ad6af5",101.77,"2020-08-22T19:23:49.073Z"
"afed3c3b-48a5-4caf-8c15-6983984085ce",310.22,"2020-05-21T15:32:39.361Z"
"95634cbf-b2e3-442c-9e38-386818e15d6d",187.37,"2021-02-21T19:17:32.738Z"
"3e1ff813-6f77-4c5a-944e-5a16732059d2",47.46,"2020-01-27T19:39:16.945Z"
"0a3ecfd2-b83a-456d-9356-ca7534023fa6",465.06,"2021-02-12T22:31:11.711Z"
"479c4085-9d93-4b94-934c-359ee236944d",402.9,"2020-07-16T19:06:36.436Z"
"c0aaf60d-35ef-460a-a1fe-391b25034551",610.64,"2020-03-02T20:19:31.860Z"
"d6026bf0-4b93-43bc-a2ab-42742dabacfa",818.46,"2020-01-29T04:47:48.723Z"
"ad9ed588-85db-41e0-9a63-a48580089be9",956.38,"2021-05-04T01:15:03.652Z"
"dd0de8b8-58ed-4cdb-89b7-4bacaffd54b2",748.04,"2021-10-08T12:23:17.837Z"
"4bf16b3e-2e6a-402b-b927-8ff848fb36e5",834.44,"2022-03-01T01:34:17.740Z"
"a8f77fe4-e151-47ac-9990-fb0a1faf68ae",484.98,"2021-06-11T20:28:12.378Z"
"1013f963-0865-4f7e-9498-7ac3c5335e22",632.97,"2020-10-11T05:13:09.905Z"
"2630d725-65f5-4b65-bdbe-fe1b3f69176c",687.77,"2020-02-09T08:04:48.109Z"
"70dbc22f-ae04-488f-92fe-c9c1ebc22237",99.81,"2021-09-05T03:34:44.004Z"
"7fb8a2c1-1aba-4aeb-8986-ffc6e724b2e1",656.49,"2020-11-19T18:49:36.448Z"
"98d80822-abfd-4783-862c-d1a90c3cade8",811.42,"2020-07-07T03:44:05.607Z"
"1fd7ba92-5a54-4a58-a346-d912c54076b1",496.56,"2021-04-11T08:42:21.745Z"
"2a4c401a-cf08-4e65-98f8-04114081e59c",406.55,"2021-01-26T22:52:05.986Z"
"4bfd7d44-add1-4b5d-99b5-3ef66fac701c",16.3,"2020-08-04T22:43:27.853Z"
"6fc08475-f214-4b25-8224-8a4ee986d976",229.46,"2020-10-14T20:06:23.780Z"
"b17116c3-aa88-4d13-b45d-787c3ed1d16b",898.85,"2020-09-11T09:04:31.092Z"
"13a4535f-316d-4bd2-881d-3d670eb95d44",568.6,"2020-02-07T23:28:32.032Z"
"0b996e35-13a5-41e3-8009-67c97096b939",362.91,"2020-01-20T02:51:01.311Z"
"9f4bb2c2-0478-4578-9302-34b9c3743500",353.12,"2020-10-13T10:42:40.272Z"
"521530da-f9a6-41bf-8307-ad4c2589395c",648.82,"2021-07-02T23:03:46.040Z"
"3cc463ae-61f7-4108-8e02-bf9829cdbd63",922.82,"2020-04-16T23:13:57.445Z"
"b5804497-5a2a-4f8d-8b29-331076096478",791.98,"2020-05-29T05:34:23.345Z"
"617865cd-9074-4f64-a445-4e3f9f3d037f",759.45,"2020-04-21T10:09:10.283Z"
"25be16b3-ff60-4251-8576-b7c381422caa",881.69,"2020-02-16T15:55:13.747Z"
"f50adfa6-c874-4ae1-85d0-67be1d7b7a8f",83.67,"2021-09-09T22:50:19.091Z"
"3653fd7b-ae55-4807-8564-06d855d049ee",496.46,"2021-12-29T05:26:41.187Z"
"e007f000-7dc1-4283-b488-758d93107bf3",204.4,"2020-05-17T07:50:11.371Z"
"533722f6-c9c4-488f-97a7-d474b1a8e3ca",821.11,"2020-12-24T18:20:27.968Z"
"2cd5d30d-c4b0-4635-8af3-2aa1b71a01c5",581.6,"2022-02-04T00:28:14.642Z"
"036ad8f5-141c-4aa2-9970-3b5d12fcc5fe",996.39,"2020-02-21T09:03:42.564Z"
"05d261a0-4c06-4734-8c09-e595dc465d2d",74.57,"2021-01-08T00:30:57.675Z"
"24d2dcfc-caa5-4835-9fde-6c555bdbdb98",22.41,"2021-11-26T22:34:29.513Z"
"5046c369-e89d-4a92-b8e4-0d8e98e40981",141.18,"2021-05-27T02:42:24.732Z"
"c8f58a4e-835b-40b1-88ae-5a782d750e3c",18.52,"2021-04-18T04:02:31.501Z"
"a73269b5-a171-4f45-9860-11e626d4f9a1",440.37,"2021-02-02T19:41:19.203Z"
"41c07c7e-6dc2-457e-9e8d-832c75fb3bbb",766.3,"2020-02-27T14:38:52.862Z"
"1c20e0e9-f18a-4fdf-92de-67b5d4abdb42",35.4,"2020-01-16T00:53:17.922Z"
"5236696b-77c7-414d-b07c-dd20965ad14a",83.17,"2020-04-29T01:23:55.779Z"
"a2a47f8e-e912-49b7-b295-56217779f9c4",510.27,"2020-12-16T18:00:15.885Z"
"ef7bb739-a8c7-4d5f-aeb3-3cde0e928655",228.92,"2020-02-02T19:50:12.048Z"
"0422cddf-8e28-4d1f-8f5a-1f8b96ec9b76",243.47,"2021-03-07T11:18:43.068Z"
"daacc96b-961f-4876-9126-7319ea7ae9cd",291.14,"2021-07-30T05:55:10.749Z"
"252a107a-330a-4d4e-983e-e78dee2f9be1",865.64,"2020-05-29T21:17:13.817Z"
"d51db6eb-725b-4f28-9f36-a851b79e554f",920.18,"2021-01-23T23:59:31.907Z"
"e5845196-1580-45d5-8ead-6a9a80fecd7d",775.54,"2021-10-18T17:25:56.466Z"
"23b24491-809f-4738-9218-ebeb12c5610d",341.77,"2020-04-16T19:37:39.434Z"
"59ae3808-416e-4d95-acfc-8044875fd189",516.55,"2020-12-03T08:22:22.765Z"
"9d5ab75a-4bb0-4d33-9888-28954daf6b79",170.83,"2020-10-14T07:17:29.887Z"
"f9a9ace8-5584-4d91-b86a-05849a77391c",553.18,"2020-04-10T02:18:59.432Z"
"8cb640b8-3943-4e7b-a0b2-cc528b73e53c",968.15,"2021-04-07T02:53:36.405Z"
"8b40e12f-b732-4448-8724-20c9e17fbc8c",691.23,"2021-09-16T21:06:36.636Z"
"bc0e700d-83de-4432-9987-a1aad365cbff",305.15,"2020-11-04T11:44:06.308Z"
"c48efe0e-f5bd-4093-9b0c-826119636ba3",139.96,"2022-02-20T02:16:28.641Z"
"6b1d8892-9d20-49ab-ad95-b02f04881666",868.8,"2021-12-19T07:58:14.921Z"
"0abc266d-8b85-488f-b8e5-a2281f361a20",671.88,"2020-08-22T13:26:48.155Z"
"29f422f8-789c-4ce3-a97e-985432c98009",349.17,"2020-05-07T17:28:07.249Z"
"7905d57f-704c-4e1f-9fdd-a2682d429abf",498.38,"2021-12-24T13:34:35.569Z"
"01a6f4b1-b674-4cb6-8e8c-30465d1ecb3d",402.04,"2021-09-07T06:14:23.332Z"
"6672225f-7c3b-4a1b-b721-720a3762dfa2",45.89,"2020-04-02T13:06:33.732Z"
"d79cd2c2-5429-4b9d-bf31-6c5ad64c8f56",341.2,"2020-07-11T15:13:02.012Z"
"a86943f8-098b-412e-999d-07e1eb5a0e59",12.43,"2021-11-16T00:40:14.808Z"
"ee05e6b3-c5bb-45dd-9e8b-148720287178",574.29,"2020-01-18T02:39:23.551Z"
"b6805196-7147-4770-96e4-0b35d399f08a",533.83,"2021-03-09T15:51:48.982Z"
"c06e1751-6127-4146-a8e9-73aeea13de64",978.94,"2021-09-24T16:00:43.484Z"
"f9529fbb-bbb0-4952-ac7b-130477a5ace7",485.23,"2020-09-22T20:07:35.166Z"
"c80e7248-d744-4de7-8bca-0638ba4d44b1",154.81,"2020-02-05T04:57:26.011Z"
"f75abd81-fa8f-4f79-8a9d-5040c5040f20",102.37,"2021-06-06T21:19:12.534Z"
"c3b142a3-2902-44df-9772-02d9d74b1f17",749.14,"2020-05-05T05:27:35.998Z"
"e888fb54-4085-46f6-93ab-47f4416013fb",408.73,"2020-11-15T18:20:08.774Z"
"af8ed731-163c-4f2f-a6f2-e9e56b37a816",703.67,"2020-12-29T14:11:23.469Z"
"2fa1ef80-4fc7-4abb-a666-0991acc50022",963.4,"2021-04-04T22:38:52.246Z"
"e646ed43-feb4-4db3-bbf0-fdc32cfb6e6f",636.74,"2021-07-26T04:06:12.387Z"
"165e00eb-e253-46ae-9e75-f2f3db0c55bb",827.27,"2021-07-10T05:32:45.989Z"
"4dc30c5e-6c77-47e8-86f8-6603ac372bf6",240.74,"2021-01-09T00:51:37.435Z"
"a4da122c-1adf-4df9-a79a-9b4023f1026f",404.67,"2020-04-20T04:21:38.388Z"
"99c9b672-1f2b-4f32-9e06-ea6594409364",785.57,"2020-08-29T17:28:27.167Z"
"f8979bfa-1280-4f05-a5fb-2a7bfdb52b53",33.88,"2020-08-19T12:54:30.029Z"
"ef4cb98e-8aba-49f8-9ee2-00488a3be906",385.16,"2020-08-18T12:42:00.057Z"
"641fe21e-2160-4e36-9696-4e381790b2a0",506.84,"2020-09-15T04:56:09.489Z"
"4f9f893c-3237-4717-b3c1-2529fa2b362f",721.08,"2021-03-20T10:06:14.386Z"
"9633f967-eec2-4a89-b703-d8578b499c92",889.45,"2020-12-26T00:18:56.018Z"
"aa877bc8-a727-4a3d-9cb0-bc7ab44add11",181.88,"2020-03-29T05:07:58.545Z"
"209ba13c-0e14-48ab-a7d4-e28f35f927eb",999.51,"2021-04-04T11:37:45.488Z"
"ecaac93c-5a02-433e-a595-3045f4165952",774.72,"2020-06-29T21:43:30.399Z"
"8fe466ef-7741-41a1-8606-84e41c8ff8c6",688.64,"2020-08-23T23:44:08.823Z"
"619e605b-1b9a-4a88-bab4-8f5e2c2b575a",930.86,"2020-04-19T03:32:23.358Z"
"2466efc6-d382-4bb2-aab5-868abd17bd8a",142.9,"2020-03-25T04:06:45.129Z"
"c701d7a2-5ad5-4b6d-a0bc-089d79c612c7",390.42,"2020-08-05T03:28:29.823Z"
"a1e6eb0d-2932-432a-8899-813c2e4d6669",321.37,"2021-08-10T20:46:29.464Z"
"54716d6b-3484-4d6c-9e71-87762baf14f8",305.94,"2021-04-18T08:25:22.337Z"
"97dfc08f-eaad-4223-a512-1b45b54f6c55",203.08,"2020-08-12T03:29:27.173Z"
"a9f8ee18-66fb-48fe-a1d4-510e595859aa",933.96,"2021-08-27T05:27:23.610Z"
"7f0f6254-e2a9-4c61-a3fc-a50f60095c44",475.79,"2021-08-15T19:43:19.851Z"
"68ff1e3a-f2e2-44fd-8152-a29e9bc05af5",743.2,"2020-03-05T19:28:11.652Z"
"d3952b60-fe37-448f-9328-8aad6a363a64",984.9,"2020-05-01T12:29:55.743Z"
"86a474d7-04cd-4930-acc2-14d74d45b159",836.38,"2022-01-10T21:05:45.486Z"
"e58f3692-656e-43b8-af65-3f236c6eb103",960.78,"2020-08-21T21:45:12.579Z"
"f5fe0aa4-0d94-4a89-a049-8afdf7bd53b8",316.87,"2021-11-17T01:17:53.163Z"
"90609ac1-2198-4115-b167-b0ee87774686",673.88,"2020-05-03T01:01:15.180Z"
"3c06ae69-7b1b-451d-b8a9-7c8ce7c6d722",321.27,"2020-05-13T16:36:56.517Z"
"93ebd527-456d-4591-bf60-5bbc6be86e96",57.02,"2021-10-14T03:59:31.078Z"
"c093ba8b-3117-41bf-a234-79b0ea164676",120.17,"2020-05-18T11:05:09.055Z"
"ba73fd3e-87a4-4db5-8201-23f8c9a752fe",735.72,"2021-09-17T17:42:56.638Z"
"926bc697-86c8-4656-b040-29717a7ee2a1",514,"2020-12-27T13:10:58.389Z"
"7b3b4ee2-ff42-410f-a072-fe9ca84164ec",346.62,"2020-01-05T05:03:15.111Z"
"07d38460-7c35-49f5-95b9-992f691ed168",363.7,"2020-07-20T00:30:41.262Z"
"d95210b8-ac29-4c4c-92ac-63d4929d4cb2",734.27,"2021-04-21T15:33:28.458Z"
"0275dbc7-3442-46aa-b8e6-d5407f7358cf",489.91,"2020-08-27T12:19:56.053Z"
"878e532b-bf8d-44e1-a11e-5c22476477f2",696.86,"2021-05-14T17:36:36.274Z"
"bdeac7cf-0174-4470-80b9-3972b095b603",855.87,"2022-02-19T08:05:47.146Z"
"8fb32c92-7179-4c54-be45-a056f8dbd67a",815.14,"2020-08-05T20:26:07.733Z"
"9aa082a1-a78a-4c62-b9ec-b7da583452db",896.5,"2020-12-21T04:38:11.607Z"
"eaeb992f-fe53-49ec-897e-9c2b80870089",296.1,"2020-02-15T01:53:47.519Z"
"ce407acb-edc0-4757-ba8c-9195c3799d09",181.92,"2021-11-14T20:37:37.044Z"
"7c0cd782-cfa7-4a76-8abd-875e15ec2d09",107.32,"2020-01-26T20:04:23.589Z"
"83617295-4887-4ee6-a45e-a502b9d9f706",418.96,"2021-02-28T20:30:24.169Z"
"06f4e41b-5234-4ae5-ac9f-4d40669af9cd",806.19,"2021-02-20T06:20:58.394Z"
"1b99b2dc-4430-4728-81fb-3a1441a2c4f2",628.54,"2020-08-17T02:33:25.165Z"
"7513e2cb-dc9e-45d2-a463-41ec0eb36aa7",549.47,"2022-01-19T09:54:07.219Z"
"96e07fe6-34b4-4436-814b-5509573f59a5",340.73,"2020-10-14T14:40:05.241Z"
"d461c00d-5de3-45be-86ed-207618b659a5",838.43,"2021-10-09T09:42:26.133Z"
"5265f253-5926-4126-9f3c-774d8b66f8a8",255.27,"2021-07-15T07:56:24.533Z"
"1a1ac11b-e06e-4d13-9d01-55bdaad33e8a",271.45,"2020-04-01T07:36:13.274Z"
"f16fed32-3b7a-4aec-a6d5-a9ab21aecb82",621.23,"2021-09-03T17:23:46.370Z"
"45ae93ec-8fee-4f1d-9ccc-22916c61d83c",128.94,"2021-03-10T19:35:58.434Z"
"56e07fe1-1fee-4ab4-8b7b-7a9dbb10b55a",604.88,"2021-11-24T10:26:24.351Z"
"2894f864-31a7-488f-85bd-8a42bcb7ffaa",838.76,"2020-08-29T04:12:50.421Z"
"93faada2-84f4-4639-b5ab-bdbda74138fe",461.11,"2021-05-01T10:48:09.962Z"
"9a9ca977-41f2-4914-9bfa-001750b9ed68",901.8,"2020-11-04T21:11:49.055Z"
"7cdf6104-9e07-4ced-822e-5ed675406e59",12.27,"2020-07-29T17:01:09.551Z"
"51626022-a78a-4721-bac8-853494f8e565",618.8,"2020-04-03T14:00:04.080Z"
"bd5e9174-f7c1-4174-ae86-262415dd5fde",10.97,"2021-12-05T12:03:19.494Z"
"d1a35441-2888-4842-a2f7-017b195927b5",800.85,"2020-03-13T06:29:45.291Z"
"9185ccd2-9ff5-4bf6-888f-d74dc265e386",401.57,"2020-06-12T01:49:06.080Z"
"09555fb2-79c2-4383-b9b5-77221314e524",228.41,"2022-01-22T16:32:09.679Z"
"0669d6e7-c88b-4dda-979d-fe742dde626b",609.37,"2020-07-30T14:23:32.754Z"
"a668523a-32cd-450e-83d2-843bf27b6e77",884.73,"2020-06-04T12:40:32.711Z"
"1a6dcdb8-34dc-49ae-97d1-30852acca84d",718.28,"2021-03-09T14:35:47.717Z"
"e1ac388a-9918-46b4-a52d-0474fea6acbf",923.55,"2021-08-15T00:50:40.726Z"
"c86be3c0-85cb-4c62-a5f0-7ab1bf4b4261",681.31,"2021-09-03T00:48:07.393Z"
"3a32fcbc-5171-4fe0-b020-4dbf5a9265fc",244.29,"2020-05-06T06:05:46.369Z"
"856c5204-4b61-4aad-a8c8-475a08b93dd3",320.46,"2020-09-18T11:29:10.384Z"
"b314a449-be1d-425a-9c7c-cb2534227106",293.12,"2022-01-25T08:11:26.835Z"
"44595d5b-9df2-4b0e-b00e-48a762014732",861.28,"2020-07-30T05:14:57.849Z"
"546c31e2-af7c-4cc7-903b-42ddc5e9deae",932.87,"2021-07-10T20:00:36.518Z"
"c7d9e5ca-4426-416c-82b7-b83b6150e0dc",160.34,"2020-04-28T16:23:19.958Z"
"a1574d05-3e50-4d29-9930-70fabd119c17",164.65,"2020-06-02T07:44:10.911Z"
"95ee06b7-8833-4035-a95e-9ebf87e07573",968.92,"2021-04-24T14:41:25.801Z"
"74cdc0ad-c20c-40ac-938c-e902e6ab6657",592.47,"2021-07-13T00:42:51.578Z"
"304b08c7-6bc6-4bd5-8be8-9b6033fb27d4",738.97,"2021-02-10T19:14:36.829Z"
"862bca8a-3e68-4c5f-a9a2-00bc89cf7a7a",279.74,"2021-01-08T16:20:13.383Z"
"c2ceb77b-d0aa-45c9-844f-64572c10bda3",204.35,"2021-03-09T23:48:15.336Z"
"42379f92-f6c4-47f4-ab40-ed9546f0dcac",701.12,"2021-03-02T19:15:18.275Z"
"b0658af8-1f04-49ac-9a1a-f0f34a510e6d",22.14,"2021-04-25T19:47:54.001Z"
"470786c9-50d7-440b-b106-275215b65a09",126.89,"2020-02-16T22:34:57.137Z"
"17f554df-04be-4158-8b2e-1d28b983a497",802.5,"2020-01-20T10:46:36.331Z"
"4543f365-87a3-4191-a753-0a9a3f0a6df2",149.08,"2020-03-25T16:33:49.949Z"
"145f9fb1-51b8-4e7e-9b99-d146b2fb4d9a",236.7,"2021-03-21T12:08:20.576Z"
"7d3d44de-8d1d-43d0-9854-0e865bc36542",209.27,"2022-01-27T20:03:33.750Z"
"a769dbc0-9c59-424c-94f6-af640023ad26",454.86,"2021-12-07T10:58:18.725Z"
"cc283a5d-7e3a-4ba6-bda2-5a674d41f4f5",188.87,"2022-01-09T02:29:26.798Z"
"96423a05-ba6c-4d73-a4ad-c726ae01b65d",417.23,"2021-10-19T15:13:10.871Z"
"5107b6a1-7abd-4a31-98aa-37386efc2444",328.4,"2021-09-17T22:24:15.897Z"
"e1916b81-0772-43da-b201-ca04fd1eb63e",448.82,"2020-02-16T16:29:29.299Z"
"363760f4-01d8-4f41-a963-f48c9320a44a",980.1,"2020-11-11T06:40:38.802Z"
"74f5d5c5-37ac-4990-949b-f5ca8263a4d3",458.66,"2020-09-28T23:28:12.972Z"
"7cf325cb-0065-41b6-837c-851a90ce70f8",169.95,"2021-05-19T17:07:15.556Z"
"5e693ab4-a594-4e40-b590-601761450615",956.59,"2021-03-29T03:31:17.455Z"
"5fb009f0-e7da-498a-beb8-cc178062dc94",408,"2021-09-23T15:18:05.447Z"
"25f169c6-8414-4695-9c33-87ea1a2110b1",427.46,"2020-09-02T10:14:51.197Z"
"c9c21d4d-f4a4-4161-8c41-99e092f46e6b",640.05,"2021-05-05T02:42:13.595Z"
"83255566-fd0a-48e3-ad19-c99c17f890d5",381.06,"2020-09-22T20:34:36.061Z"
"7b083dd0-bdcd-4151-8732-353810d3c234",209.02,"2020-10-23T07:56:59.527Z"
"75152dee-3936-425a-9cc5-fa030604f1cb",124.79,"2020-05-14T05:14:19.669Z"
"161e22ce-17ce-49bc-9f67-f956822f55fc",271.87,"2020-05-12T06:27:36.129Z"
"758e91f0-eac8-4ebb-927d-039eff052192",549.24,"2020-08-04T14:29:44.335Z"
"d93cf8ad-4b09-44ad-8814-0bbc89db1b7b",491.67,"2021-05-07T05:38:37.591Z"
"2e9984f4-ddc7-413c-b306-0554354d82dc",372.83,"2020-11-12T20:41:00.934Z"
"55a71504-b370-44df-86b7-dd049ac53e55",549.4,"2021-09-01T15:33:28.023Z"
"cf86c6e3-dc57-4820-a71a-41305ffdcd67",577.16,"2021-05-10T09:47:57.150Z"
"6c3d22b6-829d-436e-a50e-f58be997cc9b",218.08,"2021-06-23T07:39:19.523Z"
"e9cd49ae-4adf-4fbe-aaaf-4182c4d495f2",611.71,"2020-11-14T08:02:03.455Z"
"efb6f5fb-e3c2-43ec-95fa-61a8f2c6b836",652.88,"2021-08-15T17:32:42.147Z"
"6bbd50b9-98cb-4439-a99b-f1ec19ee1db5",624.36,"2021-01-29T21:56:36.713Z"
"e8e798d0-63b5-4cfb-bbb4-a7b909e57c3b",66.63,"2021-09-20T06:37:06.309Z"
"d0410580-7c0e-461d-994a-0e0402db1c18",464.02,"2022-01-06T02:45:45.145Z"
"c415fc32-de65-472b-8378-8257a51be5af",964.29,"2020-10-31T11:29:50.316Z"
"0ba21645-e44a-4d09-bc91-49376443ae5e",158.05,"2021-12-17T21:21:12.895Z"
"28af52dd-fca4-4cd7-924c-efc022bfb559",795.25,"2021-10-15T08:02:51.324Z"
"2ed4b1ba-1ddd-4256-87fd-5f7bb4bf37fd",403.09,"2021-09-03T05:37:10.820Z"
"eecba9a9-8555-4907-9180-cc4a4fc7f15e",795.34,"2020-05-29T01:05:57.780Z"
"a63c289f-b849-4350-8e26-68a91b9905fb",163.7,"2020-07-24T10:53:23.962Z"
"49a9a682-7479-4c14-bf58-4053ed8ec0de",463.93,"2021-11-11T13:16:11.928Z"
"2558d136-321d-4790-b119-52b4fe6fe7ca",719.1,"2022-01-14T05:41:16.945Z"
"27527101-8e26-49d1-b9a9-8ecd8c02c478",865.99,"2021-06-23T20:51:44.952Z"
"c1a70681-adc9-4019-8efa-97e9ec5749f6",522.78,"2020-01-14T00:58:17.780Z"
"d9121840-1828-4d5c-8ee7-54058bc8bbfe",502.84,"2021-09-02T16:27:13.765Z"
"e2a84547-3d84-45fe-99ce-e98160097cff",942.25,"2020-03-03T10:21:41.096Z"
"7bec612f-7f31-4ddc-9bc2-20ab53e4f870",62.71,"2020-06-12T21:29:13.130Z"
"b9bddf55-a2ab-4eb9-8895-10db6ce04829",215.97,"2021-05-10T05:55:36.905Z"
"f33c5e81-edf3-4f76-9e96-1281d81e251b",284.65,"2021-08-26T17:05:30.294Z"
"d1c91d52-f7bb-4f4a-8589-d2e6a0f4f19f",276.95,"2020-04-16T01:21:47.042Z"
"64d8e2ec-a9b6-415c-9d9f-d517306587ee",440.02,"2021-07-19T00:01:37.978Z"
"4de64b75-cf2c-4e0e-a671-d2d6dc795c0b",652.33,"2020-08-30T17:34:30.085Z"
"0bdefe3a-6ba0-48dd-b20c-77a3bc32343d",556.81,"2021-09-10T11:56:01.178Z"
"e791189c-d7af-43d7-a26c-f6c9c46e34d9",653.72,"2020-10-17T11:31:05.547Z"
"8e2058de-8964-43d4-9d0f-83ba1dd08b87",32.69,"2021-04-30T09:17:21.885Z"
"74cba613-0166-46cf-a475-402eb21206e6",127.62,"2020-08-23T00:48:59.224Z"
"915c7b9d-6cac-435b-94c3-82fdc0e4bb42",54.22,"2021-01-17T12:28:19.029Z"
"993fb03b-e144-404f-9264-c3d0679f9f9e",523.38,"2020-03-22T12:27:24.144Z"
"42405844-b0ae-44e2-ad2b-ffbda050d943",178.28,"2021-12-03T09:18:41.394Z"
"1eaf2074-8bda-484a-88b8-232534eeb651",377.65,"2020-08-04T03:29:45.805Z"
"7baf267b-c066-4e19-b8d3-071e5f679eda",498.42,"2022-02-13T09:43:49.750Z"
"731c0e83-fbbc-4c6d-8f95-5310cd44ff77",304.64,"2021-12-31T05:29:29.629Z"
"52eafd9c-6ca6-42e5-a3ff-c4788279b885",748.78,"2021-01-14T16:09:06.827Z"
"6a33a379-7312-48ad-80d6-6defd7fcf8fe",325.22,"2022-02-02T11:47:56.667Z"
"d0f075e9-5081-4bd6-bba4-021a6945007f",832.47,"2020-01-22T01:22:17.600Z"
"4c8dccb7-1e55-4475-ae60-cf85f9568196",10.16,"2020-10-08T02:45:00.871Z"
"3a171945-8a2c-4fb4-a199-d6582341c319",867.35,"2021-10-30T07:45:25.292Z"
"b390a4e5-07c9-449f-bd2b-0fa208156f5b",194.38,"2021-10-24T20:15:03.270Z"
"9aa926ef-f9fc-4bbf-85a1-26d42ca2f911",890.88,"2021-11-19T13:31:06.972Z"
"43c04bd3-e9b5-4620-9013-fddd87f172e0",26.25,"2021-06-28T22:01:40.651Z"
"d4de3bf9-604d-49df-a19a-08b0f6ed0f0c",284.4,"2021-12-03T02:12:55.558Z"
"9d06aae1-ad81-4132-8dd8-f08619ee854f",786.96,"2021-12-08T05:29:46.137Z"
"94da4d03-7fcd-4ec1-858f-f2b643b0b9f9",434.69,"2021-04-19T01:58:10.929Z"
"8d72d9de-f4f3-4f4a-bd8a-f8214913790b",700.24,"2020-09-18T06:15:51.217Z"
"d12552d8-f90d-4df9-a21c-ec614e233584",968.35,"2020-08-20T09:56:01.508Z"
"ff29cd5f-4b39-458c-8060-ca452d10274b",926.79,"2020-03-24T21:29:51.601Z"
"82f1c9eb-7d3d-4094-8330-5a8f7366d9d4",320.97,"2021-07-02T13:31:51.245Z"
"cdcbdbf6-a9f7-4d6f-9d3b-cdaca70ee004",173.57,"2021-06-17T09:28:15.301Z"
"24249fac-faf7-4099-b538-b7b20dfcb992",404.81,"2021-04-04T02:18:22.101Z"
"29ab3a38-59d6-48e8-b4a4-4b65c49351e3",956.46,"2020-01-22T06:31:31.928Z"
"7a895b3c-bb10-4753-996a-573418667f0d",360.34,"2021-05-29T00:02:38.465Z"
"bd756ce5-53f2-49c5-bb91-521587ab4645",775.56,"2021-08-16T19:21:23.759Z"
"29a6e588-b2b0-48c6-b75a-8ab401a899ee",233.69,"2020-06-11T17:43:00.987Z"
"14b5bca0-0bdf-4f6a-bd57-4f12455013a1",176.92,"2021-05-18T16:51:38.493Z"
"1d668c6d-73b0-4425-b26c-862dc39ef43b",496.47,"2020-12-10T07:47:45.056Z"
"96cbbec0-0543-412f-85e8-46139a0c6f1e",130.42,"2022-01-29T17:58:41.927Z"
"c79c2a54-ac37-4f38-b626-d16c2c912c77",497.35,"2021-01-30T01:10:48.134Z"
"66b9359d-99f7-43e1-867f-e34e07a67d2b",269.43,"2021-07-25T09:56:54.370Z"
"039ebce2-2838-4588-b28a-796a6b34e262",100.47,"2021-01-31T11:04:20.182Z"
"b22bba1b-a266-4a4d-af6f-3d2294b6c4de",332.03,"2021-01-19T13:40:24.326Z"
"a6f533d1-f689-458c-ac40-25858a057d9f",375.07,"2020-07-17T03:33:17.109Z"
"619c302e-718b-4400-8653-7dbe7aef0192",28.18,"2021-02-24T03:55:28.231Z"
"77472601-817d-4f8f-baec-a0c7a42ce240",196.22,"2021-05-10T20:03:28.576Z"
"4e94f0e5-f3c8-4afd-8c59-a950b3f96f21",710.26,"2021-12-11T02:14:48.167Z"
"5498f5b4-d3da-4650-92bd-c40ddf75e3e0",536.07,"2021-10-15T11:55:07.533Z"
"97c258a2-36e2-4935-9932-ba5229977f14",75.59,"2020-12-04T17:44:46.032Z"
"081cacfa-d7bb-4e1a-8cd2-da7efb219d6a",452.54,"2020-05-03T06:39:03.678Z"
"e3190ed2-6f53-4618-b1aa-683b87fc78b3",896.9,"2022-02-24T12:27:21.793Z"
"225b385f-8a9e-41f9-ac61-6c84db65787b",368.02,"2020-08-20T04:30:44.370Z"
"24c43ef2-d064-4dbe-bcab-01d7a0a69f67",534.42,"2021-06-07T20:39:04.737Z"
"92756488-d33e-4d93-b7fc-f7eed5cb9191",157.87,"2021-09-30T00:26:27.224Z"
"1cedca9e-e6f4-4c43-8798-dfa40e43cd89",733.52,"2022-01-14T09:02:34.392Z"
"b4fdaf53-8447-4cb6-a14c-ea7c91871b5c",202.08,"2020-11-28T00:21:23.959Z"
"5f20eab7-2553-4cbc-a030-55072263c0fd",176.62,"2020-06-10T03:38:13.710Z"
"334fb3a4-9916-4ef0-bf88-63466d575e37",372.4,"2020-03-01T15:15:31.603Z"
"341a8ff6-6c53-4518-bedb-f251ce4035a3",686,"2021-02-10T15:27:36.781Z"
"67f3a4f8-dbbe-42e7-b227-76e13115206c",311.81,"2020-09-06T19:42:31.934Z"
"a7b81e94-e3c3-480a-a6e9-17f5f685908f",246.46,"2020-05-09T05:28:33.411Z"
"6eeb2ea5-8e48-4d82-a535-e2ce8183c824",363.5,"2020-07-18T03:41:58.052Z"
"64a634e6-2508-45e2-8995-4a652c255635",474.03,"2020-12-03T12:26:52.659Z"
"625d489c-dee6-424a-b76a-12b09918d212",583,"2021-05-22T04:22:52.743Z"
"48685424-edfd-4a30-9bf3-add9e076542e",793.33,"2021-02-14T01:28:55.948Z"
"42441c5c-890f-42fd-8075-fad40f9c01cc",890.93,"2021-07-16T04:43:03.234Z"
"5ad366b0-efe7-4f9a-be25-a92d88c1ed1a",966.16,"2021-04-03T04:22:25.077Z"
"15a9baac-66f5-4bd2-9534-b1024a3b18b3",664.35,"2020-03-04T18:26:43.687Z"
"ea6199f4-aa14-482f-88b1-22ac5606881d",424.41,"2020-12-28T09:21:29.170Z"
"4ea3f6a0-64c5-433b-afb8-43517a87061a",587.3,"2021-06-29T05:16:18.819Z"
"1316a9d5-a8b0-4b4b-864a-4ca955efbf28",761.92,"2021-03-21T16:16:39.148Z"
"ed2148c7-8f4a-4a1b-af39-35fbb7b65bee",712.42,"2021-05-13T11:40:31.333Z"
"5733ca62-fe0f-424c-88f3-942c0dcd0d88",986.67,"2020-12-25T04:47:16.734Z"
"29b6432d-a3ac-4bc4-b3cd-097e1dd70caf",75.29,"2021-03-21T02:35:50.350Z"
"3faf7f4c-da89-431a-a068-ca01014e7a2b",295.21,"2020-11-22T13:30:56.462Z"
"009a3a25-ce41-42da-b382-bb2dee132681",124.29,"2021-12-06T13:03:25.256Z"
"3acc56a5-4b4e-4ed6-9505-aacedef9b462",196.61,"2021-07-13T16:34:42.312Z"
"096e919e-c8ec-424b-9f8c-38ed93827b70",872.52,"2020-03-03T12:14:47.455Z"
"45beee49-3f5e-44ec-b0af-78fbdbe0f1e1",43.01,"2020-08-09T19:22:08.826Z"
"7dd625e8-7c26-4452-9860-86a122fa9cd8",130.37,"2020-12-14T19:33:41.189Z"
"4272f30a-4c62-4434-8b72-88f23104be0b",177.92,"2021-09-07T19:49:40.877Z"
"1495bdb8-63fd-4f8d-9e13-ae2ad1af7c03",47.68,"2020-08-13T22:38:44.458Z"
"5f5803c1-b8c6-4bdf-a620-63632a488795",46.67,"2021-01-02T22:50:32.264Z"
"dbd75f67-cfdc-45fc-a720-cc9158ab2451",127.95,"2021-08-13T06:14:41.085Z"
"919bf57a-1d73-45a6-a60d-c051e62289b4",668.99,"2021-01-08T20:13:38.714Z"
"9fa78208-0636-499d-a99d-fed5bf3f9ebd",820.56,"2020-08-22T12:24:43.595Z"
"8d10b2ee-f593-436d-be1a-36d0838a737e",250.81,"2021-07-13T14:53:57.901Z"
"282f091a-445b-47d1-9934-c7a8e88f4185",51.88,"2021-05-31T03:22:04.086Z"
"dac36038-d37e-41ee-891a-6215435051a3",528.24,"2021-08-04T17:21:07.689Z"
"e78ccb83-ef09-437b-82e0-22d13194ce8b",901.35,"2021-03-03T19:05:43.812Z"
"8a9355ed-b870-4951-99a8-49c26473a404",675.38,"2021-12-11T15:09:28.834Z"
"d3e5407c-c1ff-47ee-8b97-63f3f3277c42",970.57,"2020-04-27T18:30:18.061Z"
"6a4e8f95-c767-4d50-ab53-3637943365b9",61.33,"2021-01-21T00:32:10.069Z"
"e0064916-6ac1-47d2-9430-848a5d381cd3",611.65,"2022-02-26T04:23:45.489Z"
"9b8932b9-0cae-4c16-ba34-e762d885d325",296.32,"2020-11-22T06:30:10.979Z"
"3d3942f0-d517-487d-9016-157016180895",822.31,"2020-08-13T03:29:24.509Z"
"d215061c-5f97-4c19-8ed9-68968fe9e37b",581.88,"2020-03-14T10:54:47.351Z"
"593f3da4-a997-4184-b081-570f94af11aa",529.44,"2020-12-23T22:01:27.714Z"
"7ea6a172-0aa4-4a63-a9b1-393a340a60a8",860.95,"2021-07-22T15:33:13.231Z"
"2079c93a-9282-4c07-9f30-3656dbc1cb3d",890.83,"2020-04-17T15:00:40.264Z"
"bccde212-8614-4ca0-8ef1-3aeb06f74d41",923.14,"2020-10-02T11:11:56.204Z"
"4b2e1aa4-b4c5-47ba-b8e8-014d6ffe0d6a",452.2,"2020-12-05T11:59:53.152Z"
"a524f332-57c5-4a37-9478-18a05db03a46",846.55,"2021-10-21T21:13:06.517Z"
"3a7dfa11-3b4a-4c9f-b4da-603a2b155679",114.56,"2020-04-06T19:05:27.561Z"
"f60b8c81-99f3-40ea-abe7-c950ca3e5322",191.62,"2021-03-23T13:56:37.110Z"
"2256bafd-c5b6-4fb3-84b9-84d3f8e31988",210.69,"2021-03-10T09:16:52.480Z"
"c934de6b-1564-4173-90df-5270168bec47",80.62,"2021-04-03T00:40:44.285Z"
"15c9c0c1-ef7b-4b85-85a6-91a194a8c323",805.47,"2020-05-01T21:36:05.481Z"
"b57a4aa1-250b-48f9-82e4-0bbad82394a2",67.94,"2021-10-08T15:07:27.287Z"
"4bca6eb8-56cb-4720-bcf2-32efbe6369be",233.4,"2022-01-28T22:34:35.054Z"
"40d4e0aa-fdad-4d34-a21c-3a0957fabdd8",165.96,"2022-01-19T02:54:29.965Z"
"5a957b7d-4fb6-4583-845a-af71da484b24",138.17,"2021-10-04T19:47:09.571Z"
"9d3dc9cb-8dbb-4645-b87c-1ba45dfdac67",278.69,"2020-01-25T15:41:20.502Z"
"f1129149-b580-45f8-81c2-0ca22127766a",256.43,"2021-08-14T15:08:50.187Z"
"d567c1a1-ef3a-4bff-8828-376aeb79f2b4",657.41,"2021-08-25T07:24:04.273Z"
"f1a2cb1f-6b7f-4c01-9540-091b0688c05e",481.61,"2020-09-05T08:06:57.181Z"
"d69767ea-c4b0-4957-8638-b49a163714b7",949.42,"2020-04-30T14:11:39.035Z"
"2eb36656-2f64-48e0-80df-65c6238b2d82",242.53,"2020-05-08T03:10:49.633Z"
"18b0cd6d-af37-4361-af0e-d835f69bc551",433.43,"2020-10-13T16:04:29.151Z"
"f02a6c92-dafa-4757-a210-7f15135d71c4",562.9,"2020-06-05T00:09:24.266Z"
"4cd53917-c626-4e1b-8715-6225c63f6fc5",142.37,"2021-06-15T04:10:47.228Z"
"96a7ff4f-d8a8-4c1b-b676-1c1e433fb882",506.38,"2021-04-12T15:02:52.252Z"
"3d624026-eedf-48de-917e-16cefa830174",726.82,"2021-01-08T13:54:07.534Z"
"031fa0cd-e2e6-4ed2-b4e7-4fa526f84a98",312.14,"2021-02-21T11:36:06.228Z"
"13d8d22e-bea8-4ed0-be75-bfa4af8e786e",731.67,"2021-03-03T07:29:19.511Z"
"d2627702-0300-4add-ae67-a2110c4b8822",853.06,"2021-12-22T18:25:53.411Z"
"f1471160-a376-4b28-bcb4-56ce7f3a2826",341.01,"2020-03-30T17:58:02.629Z"
"17a44ab1-41b6-40c5-8629-451a6514d07c",210.56,"2021-03-16T04:37:20.407Z"
"3be25de2-88a4-42c9-a1fe-9121beccd23a",968.6,"2020-02-08T01:01:04.581Z"
"6a7a72eb-f21c-4d8b-8eb0-aa3546e466d3",897.91,"2020-03-26T12:47:59.836Z"
"417a52f8-4d76-4a3e-87d3-db10f7d58728",168.93,"2021-02-10T16:40:44.228Z"
"6a6b5785-64b1-4e54-a5d4-c2d7a985cc2e",175.36,"2020-05-16T14:30:12.293Z"
"72383e6f-d69a-4423-b1fb-b5a2aeec279c",558.76,"2020-12-05T12:18:51.262Z"
"fcd336c2-fedd-4fd2-a0e4-7225b9f254bb",468.78,"2021-05-12T09:20:51.054Z"
"3a58efb0-14ff-42e0-8d29-e1e31cc0aeb4",581.69,"2020-06-28T12:05:44.874Z"
"8662439d-d17b-4b79-8683-f2c8876a2d71",14.56,"2020-02-07T03:18:57.419Z"
"cfabe33c-0a22-4e99-9a87-905d92c2041e",933.99,"2020-02-27T03:55:01.497Z"
"1c83af69-cfd3-4838-ade3-bccbdf3bd6a8",520.47,"2021-10-31T20:53:43.648Z"
"6a4d9235-a0f2-4496-8984-cfda4a107203",561.87,"2021-06-18T00:43:20.562Z"
"1220e517-68b4-4803-89c3-7c8e3fbc54f6",248.87,"2021-10-11T14:16:44.551Z"
"172f35fd-3f8a-4c05-acff-0a3dacccc0a6",497.44,"2021-02-03T18:13:53.084Z"
"c7550671-cbf0-4da2-927a-1a1315847148",656.04,"2020-10-24T11:42:57.345Z"
"a05b67c3-8394-49c4-bf53-76cca716e153",310.52,"2021-06-15T21:27:23.344Z"
"5b30ba7b-7ac7-4534-bd11-9cdc015bcbbd",536.99,"2020-03-02T16:27:25.908Z"
"7b44ec77-13b4-4fb9-914e-21115f64f573",157.73,"2020-09-10T13:49:55.316Z"
"0491984b-59dd-4848-9c49-16aabde06ae8",188.08,"2021-01-10T12:26:59.107Z"
"7f919f5c-f739-4014-8c69-fb4c003e22a3",614.77,"2020-01-02T16:43:22.220Z"
"65bc14af-4e10-4f99-af49-281009ffc9e5",725.68,"2020-05-28T19:11:09.267Z"
"c78ec5c4-ee73-4a36-b4cf-1614ee97f850",902.92,"2022-01-26T03:10:25.469Z"
"0e29e5c1-7ef4-4f4f-9f61-9a6de10d7467",732.74,"2020-02-19T00:06:48.402Z"
"d02678ec-d962-4b91-a9d1-16168a8598ab",654.21,"2021-12-22T23:48:31.807Z"
"c4902d74-ee67-4705-aaec-4071258afef5",162.81,"2020-03-16T04:31:47.928Z"
"46bd6197-1abd-4eb5-af53-c161c219f302",255.79,"2021-02-06T17:40:17.319Z"
"af13892b-8119-4072-9569-9869430e4376",102.09,"2020-07-27T08:08:49.404Z"
"dded590f-7780-4176-b268-9a08386499a2",422.24,"2021-05-12T18:38:28.470Z"
"1fe375fe-0016-4ca4-bde6-7abd1ec23f24",56.99,"2021-06-26T18:58:37.700Z"
"a455e33e-d7f7-4933-936a-ca3450b91c55",695.07,"2021-02-26T15:06:56.273Z"
"7b5319ed-16b1-40b1-b306-053abb9bbcf7",180.14,"2020-11-11T21:03:10.282Z"
"c24d8160-717a-4156-86c0-d2aa3e802178",273.85,"2020-02-10T04:57:25.596Z"
"74bada96-b9b2-46b9-8a03-e946aced3898",823.21,"2020-04-06T00:01:03.977Z"
"26f6be41-232c-48b3-ba6a-2fa4a46942a8",357.74,"2021-06-24T16:09:38.857Z"
"ffa873e7-cdaa-489a-a751-74f9f263da16",517.49,"2021-01-10T21:53:02.853Z"
"c7fa575f-9b86-4d69-bd23-c9fc6d0cb20e",397.12,"2020-12-06T00:16:44.313Z"
"bcf361f2-ef4d-4ae4-90a1-472e233a7b53",811.69,"2020-11-20T14:48:35.579Z"
"2b32f08e-ce71-4664-95c5-aeca812c771e",309.32,"2020-03-26T04:47:26.762Z"
"e50ae00b-d21e-4d17-bb24-f527d1864316",156.57,"2021-05-13T18:02:21.491Z"
"42ea2738-394e-4bab-988c-3d4a0e31a78d",99.91,"2020-02-10T03:38:06.793Z"
"03c03dce-662e-4b9a-9fe8-5121d9530b31",728.86,"2021-06-23T00:44:01.464Z"
"c922a501-bee0-4e16-a6e8-3d962fa759da",285.78,"2021-10-22T05:06:15.093Z"
"78d640c2-3e30-4aea-ab55-362c287a69ae",158.45,"2021-11-18T01:35:08.875Z"
"68d22db8-2eb3-4882-a0b8-67e7656ed0ee",551.33,"2021-06-17T21:28:00.226Z"
"4a794e7e-0740-460d-90ea-e51355264fca",895.35,"2021-10-29T15:41:37.496Z"
"6c71196d-8f51-4321-a092-8fb7199493ff",676.15,"2020-04-05T23:39:33.057Z"
"06f8a492-b80d-4315-94d5-3a4a4151c56e",794.07,"2020-08-27T13:46:15.714Z"
"c01f38fa-077e-4de7-9723-46679eff0e5b",34.2,"2020-10-20T19:44:13.204Z"
"c785240e-7b96-4624-a004-e201bc8b08f6",856.62,"2021-06-25T03:42:30.145Z"
"e1e2085c-73a3-4d51-8781-3c79f2c7bd36",578.28,"2020-09-17T13:24:40.202Z"
"b1601dc6-7d3b-4656-abf7-a4aa689905e4",252.12,"2022-01-19T12:53:02.811Z"
"5bcbf80b-2926-4f82-b2cb-354c25ea28e3",167.01,"2020-04-19T21:49:26.500Z"
"2be20161-57b5-46e6-8811-9f1af8bd99b2",339.58,"2021-01-05T17:21:00.541Z"
"249363c5-808a-48d7-8195-63d8b83165a5",984.51,"2021-05-05T09:24:59.385Z"
"7bcaa856-9dff-4beb-b6f8-3248538b3918",944.54,"2022-02-03T20:56:09.781Z"
"30f02df2-288f-42fe-a51f-f1ee1650dba9",954.57,"2020-04-16T22:56:47.492Z"
"05f3c97c-36c9-4136-be89-1f502aeff4a4",525.63,"2021-04-08T00:57:17.501Z"
"63cfb5fa-91d7-4f76-9ff5-f504ca7a7a07",395.82,"2021-08-17T16:34:06.390Z"
"94f514a8-da4b-4b92-a515-f1277f1e4d12",657.52,"2022-02-16T12:01:48.300Z"
"5a69f4a1-7b32-4927-b65a-f5897a46cd55",578.93,"2020-09-09T08:09:32.415Z"
"997fe681-e02a-46f8-b0f1-e7a1a43a26f6",813.44,"2021-11-01T04:23:46.628Z"
"eff43c5c-af12-47b6-aa88-64a682d45fa5",596.79,"2020-05-28T23:16:33.224Z"
"68d025a9-8a63-4c93-8f2f-566616e486f2",249.34,"2021-09-28T20:43:37.980Z"
"f8eaf80a-2bf4-4698-b84d-46b65580032b",949.76,"2020-09-19T04:34:51.380Z"
"1f48ba22-0bc3-4c2e-b584-8c357fb0dfa7",862.16,"2021-02-09T11:09:04.598Z"
"2c2e49a8-8bca-426a-8370-6795f4200fd2",892.36,"2020-10-27T19:30:03.530Z"
"0c80c73f-9cd0-4d83-9bd3-ba11a82824c1",592.6,"2020-10-20T02:11:08.165Z"
"a43eeb6b-39eb-4b07-9d62-7285a0968016",950.21,"2022-01-25T16:54:17.081Z"
"ea375e59-43c3-4263-82ef-3bb89409777c",150.04,"2020-11-22T02:32:49.567Z"
"68d22685-163c-468c-a732-9e329015c9f7",391.28,"2020-07-29T20:03:49.322Z"
"a7bb5d46-e92d-4919-9ca2-45531c1ae206",864.85,"2021-08-06T17:23:57.997Z"
"8c3d20b1-e384-40ff-837b-87fc0aaf4804",255.63,"2020-08-03T16:53:09.415Z"
"b6d156a3-b4e1-402c-b355-92a5c382ce04",745.47,"2021-05-21T21:02:05.020Z"
"c4dcc519-f8ea-4c60-8620-7935d3bc080f",119.08,"2021-11-03T02:23:12.420Z"
"1d02e2e8-1fb4-4c74-8181-d0e38d6ad429",836.45,"2021-07-11T14:00:42.037Z"
"c00850e7-f181-4fd4-923b-5bd7c2559d67",523.85,"2021-08-04T13:35:25.584Z"
"b4052b11-82e1-418c-9060-7f2c2f06c325",974.43,"2020-10-20T09:02:30.303Z"
"1f8ea9b4-bcc3-4a3c-bd82-96356ddcb15f",768.94,"2020-01-27T18:30:36.016Z"
"a891fbd2-05c4-4ff1-aa66-016fd07bfc73",587.82,"2021-08-26T14:40:14.232Z"
"918ae8d8-f28d-4a58-a4dc-be6703c0c76d",349.38,"2021-04-03T00:40:33.151Z"
"12441769-a317-424e-9e45-0293b1055b48",715.1,"2020-10-27T17:51:23.277Z"
"86786250-8287-4bbe-8c99-06ec987a8be9",934.84,"2020-04-15T20:31:44.990Z"
"b7bd7ca5-e508-4a92-84e4-da16009a56ba",122.46,"2021-04-25T03:21:57.734Z"
"7bd6003c-1913-44a6-9168-38d9876d8c57",218.21,"2020-04-05T21:40:37.947Z"
"ccdcbb80-9861-4020-be04-fd3c6bc7a284",725.74,"2021-04-19T03:32:54.830Z"
"9523d838-2ef6-444b-9be5-044abd0c0b58",954.47,"2021-08-14T10:18:48.008Z"
"837e2d76-6cde-4ef9-85a7-17c2ddb03b10",961.93,"2021-01-21T11:49:40.311Z"
"d1d00bde-3a9b-460f-b91a-52291826d672",778.25,"2020-04-29T00:41:55.900Z"
"12b41818-f18e-46f7-9c93-b90de28a5394",373.98,"2021-01-29T05:23:22.551Z"
"14149d72-0e16-421b-ae03-1bc66279750f",351.26,"2021-06-04T10:48:35.632Z"
"60d4e479-6f06-461e-9c09-d4bc719cb2fd",173.86,"2021-12-06T16:33:01.951Z"
"5737e3b8-bae1-4cef-9180-c1c75ac8b57f",546.47,"2021-11-21T13:03:29.227Z"
"17a0f453-2059-45de-b8e7-00701ec6b4cd",526.96,"2021-11-03T07:05:50.101Z"
"7ce3a098-d143-41a6-b8e2-7851436c5189",322.66,"2020-11-25T09:09:21.911Z"
"a63ebf78-5d05-43f2-a598-7486c2199d4a",898.92,"2022-02-19T18:21:58.421Z"
"f8bae27d-19de-4c41-b5b2-2251b607768c",651.95,"2021-06-19T11:39:32.886Z"
"e5a606f7-b56d-47da-85c7-d8f29acbe481",166.56,"2021-03-25T18:59:08.225Z"
"67f2201c-d971-4987-810c-a0216f853417",56.52,"2020-11-05T19:28:21.594Z"
"86f86864-5410-416a-b462-432ca157c287",149.1,"2020-04-23T10:24:29.303Z"
"0bbb8b54-1ad1-41f7-b077-55fbf276ea5a",513.03,"2020-04-14T16:57:48.908Z"
"ea6b77b7-6ba2-45ad-af30-8eadb6f72d02",536.14,"2020-09-01T16:17:02.151Z"
"2a8978eb-05e9-4771-b1d3-1981eeac8992",206.2,"2022-01-06T10:52:28.188Z"
"6753b95a-001e-448d-9116-bb1edb398776",77.18,"2022-01-06T09:47:10.541Z"
"e26d8f12-2bc2-4842-aa39-3f489439d5b7",871.34,"2020-08-19T06:52:31.837Z"
"879b16e5-b30e-4b44-8dc7-d50481d8f2c6",405.91,"2020-10-09T19:51:30.874Z"
"006a9847-2fdc-4cf5-9781-ec230b620719",628.07,"2021-02-25T17:04:26.660Z"
"b8bd4db1-543f-4cb5-9dfc-2715bf3b20f1",551.61,"2021-08-12T21:25:38.636Z"
"62b3dd70-c54c-4a60-ab76-797db5645a3f",744.38,"2020-04-21T16:49:06.961Z"
"edd49a58-99f7-4031-87e8-cb0e677b38ed",402.68,"2020-12-21T23:27:13.556Z"
"932c5df4-e8e8-49b7-8f24-107a124f2aae",575.98,"2020-02-29T22:00:23.242Z"
"c703591c-f834-481d-b6c9-f29061194d25",718.93,"2020-02-18T04:04:52.007Z"
"9327620d-4e93-413e-b717-e83222483511",807.48,"2021-10-31T17:38:40.701Z"
"17fc09c4-c550-4f49-9cdc-d87d28d5cc2b",520.57,"2021-11-21T16:14:04.349Z"
"a26e92d7-30d5-41b4-94ca-b96195a7778b",354.31,"2020-11-12T08:45:52.353Z"
"d3d29498-8358-486e-a2c0-54638b751e56",420.86,"2020-06-29T06:55:52.212Z"
"1e6abc50-6bf1-47a5-90a8-0b6511b81883",681.81,"2020-01-02T17:44:58.495Z"
"403ab928-d0ff-44b2-9abd-6b8acb2a515a",332.83,"2022-01-01T08:12:38.922Z"
"8861309b-5a6c-464e-87d1-4a1665ae5eaa",250.08,"2020-04-24T22:13:33.530Z"
"653057b9-e36b-495d-bc43-ad8fc80cd0da",273.18,"2020-01-04T09:57:51.609Z"
"f61ca3a9-ce42-4e05-888c-3e312b1ba5fd",643.5,"2020-10-14T08:31:14.392Z"
"2d1c11da-0141-495c-8635-12a70aa0a630",572.99,"2020-12-11T01:43:10.180Z"
"8f1ea55a-8707-4f51-85d5-fdcbd269dab4",526.36,"2020-09-22T00:50:48.197Z"
"67bd4d7f-ee50-4a84-80b3-77cb0638f655",570.46,"2021-12-24T11:47:54.302Z"
"cc181f7b-e0ad-4f1c-bd33-3bcaaa279657",538.55,"2022-01-06T23:08:13.370Z"
"8ddecf48-4c96-44f6-bd27-4e08ab9a23ad",229.34,"2021-11-25T08:52:47.338Z"
"fd751d21-a749-4af6-897b-6da8f0cacf6f",412.39,"2021-07-29T08:19:27.595Z"
"4f0858cf-aa9a-4cf0-bcb3-3c3298feddd5",244.14,"2020-08-25T06:08:10.955Z"
"a6608401-34f1-41af-b727-ebe442fd9331",68.51,"2021-10-08T14:13:00.674Z"
"99d83cb2-bd90-42a0-a92f-8c2dd79b58c4",700.66,"2020-06-17T07:42:07.632Z"
"f0891f4d-9251-4823-81e6-1842a93aef79",190.05,"2021-07-24T18:07:52.908Z"
"26371fc1-d4bc-4289-bbd2-ea39c28f4263",268.7,"2022-01-04T04:45:18.413Z"
"95b0dd23-efd5-4664-96d3-880836b277e2",665.71,"2021-06-11T14:13:29.554Z"
"ce4487ad-8896-4e4c-bb8e-18b6e3599b7e",361.55,"2020-12-01T07:05:35.126Z"
"f448b273-7263-442b-9e06-40366129b69a",29.98,"2020-01-03T19:50:01.677Z"
"92b18592-c4e0-4e16-a5a8-cb89f0edfa9d",706.63,"2020-09-11T08:25:21.266Z"
"1d4f840d-3f04-4df6-a7aa-e4d77889ff75",29.19,"2021-05-12T15:58:14.844Z"
"5f1d78a5-ed5c-4ccc-977a-675ac1d776f5",413.8,"2021-08-20T03:15:31.822Z"
"5570a7fc-4b72-464f-9ebc-3a91aa54118c",51.17,"2021-04-03T04:08:14.621Z"
"5f9f509d-2088-4d53-ba67-9c1202fa30be",970.29,"2021-09-04T00:52:51.123Z"
"f832bc51-53c4-4ceb-9ab7-06363a7c2748",333.25,"2021-02-03T12:55:20.452Z"
"4b5af9fa-de34-4d85-8238-1eb5e9f4bad3",447,"2020-10-14T18:19:52.516Z"
"a7e8ae76-038c-466e-b632-dca533fb8e38",769.11,"2021-11-19T16:51:42.433Z"
"c911bf0a-e182-4fb6-91d4-8d6cff42f358",34.9,"2021-06-11T18:19:24.778Z"
"943d0ffe-0ecc-49b6-bc81-8a7c68283a3d",791.53,"2020-12-02T22:23:34.907Z"
"40f86120-c662-413b-9a7d-37ddda6231e6",826.01,"2021-11-19T09:44:37.409Z"
"61c050bd-2fbf-4d76-9495-13d4f3d70e41",985.19,"2022-03-02T09:43:28.679Z"
"378c7693-5576-4b2b-9e83-a2140c9443bc",124.17,"2021-07-08T05:04:25.235Z"
"323c83e3-0bc8-4b4a-b061-97315ed9877c",246.77,"2021-07-30T17:21:40.263Z"
"7f161df3-5750-4ea7-9dde-9a39395abe9d",42.35,"2020-05-21T23:09:10.782Z"
"ae7578d8-831d-4e6c-beb8-671871723679",852.53,"2020-01-06T07:17:29.880Z"
"bd869609-b8ba-4139-90ae-b9b613342307",635.21,"2020-11-11T03:56:37.679Z"
"aae8641a-c2e8-4e01-bbd5-f8f5cbe6a428",737.29,"2022-03-02T07:20:14.000Z"
"0c803cb4-6e81-4062-98da-5522d4647798",396.01,"2021-05-10T16:28:26.084Z"
"103476eb-5fa7-499b-b09b-5b6e94b43cca",846.24,"2020-12-10T20:37:56.207Z"
"d47e9c06-1ba5-4793-8c02-790a94cb54d8",273.39,"2020-07-05T14:58:21.628Z"
"df2e5d2a-ba10-450e-992b-8fbc0fd528e2",771.58,"2021-06-13T11:57:58.054Z"
"3c57e575-779c-40f9-a8ee-bd74a0db0fd7",356.95,"2021-08-19T12:49:58.963Z"
"3751f619-79d5-4e47-84e4-637e8a151c08",210.71,"2020-01-19T17:03:40.956Z"
"9647deca-c34d-40bd-8433-325bb9b1a754",66.32,"2021-06-13T12:22:07.318Z"
"004c67f7-5aa8-4c9b-b77f-3c657fcfe5a0",837.48,"2021-10-16T12:27:50.576Z"
"f0d92226-de94-4219-a52c-74afbfd1a4cc",155.62,"2020-02-19T08:08:21.777Z"
"143c7314-8bd8-4563-b1b8-0f11adf671fe",623.98,"2022-01-26T09:06:31.765Z"
"ec5eac52-b0ed-4f79-ad62-26020f8bbf98",448.19,"2020-04-17T15:45:18.439Z"
"55221c2a-df9c-479e-bf0f-e174a07f5a01",789.17,"2020-10-26T13:02:43.619Z"
"6ffde61d-5ae5-490f-bcb0-c694b95f4319",752.86,"2020-10-25T02:01:08.385Z"
"c208770c-12b7-41eb-8827-982a96da8337",833.82,"2020-09-29T12:58:58.831Z"
"2486f1dd-c086-426a-8f95-4bb27dd22b80",317.41,"2021-02-26T20:17:22.547Z"
"af7aabc4-2967-4b14-8863-b79408c6b8f7",247.1,"2021-03-22T02:21:01.672Z"
"a1ef3e27-9c09-4add-b78e-6048ca4dc4ea",829.44,"2020-10-19T03:32:54.465Z"
"0fb24625-7595-49a4-854a-f930b70f17c1",79.12,"2022-01-24T10:36:35.718Z"
"cc3aed5b-e9a0-4ee7-9d56-c0fa23d72fda",125.48,"2020-06-22T23:00:01.447Z"
"6fa7226f-8d66-4ac2-87f5-580baed0dea9",520.96,"2021-01-19T03:15:25.918Z"
"ee479a6d-9b6c-4b1c-88f1-ea3aaa4802e0",42.8,"2021-08-16T16:30:53.253Z"
"ed376231-fe03-42ae-8d0a-4c62f79dab57",803.22,"2020-09-30T15:19:42.137Z"
"b8a9d83b-005f-4e87-abd4-14a93264534b",516.25,"2020-12-05T18:01:40.320Z"
"675049a2-6547-4b69-97ee-34d77ee4aef2",525.08,"2020-01-09T14:06:50.047Z"
"4610421b-69c0-41f5-94a6-c413b0bd4d00",27.54,"2021-04-24T18:45:20.743Z"
"dc2f22c5-43d8-49ad-a8d7-f9e2d5033f51",524.07,"2020-04-08T23:00:03.770Z"
"99a34439-5068-4023-9432-fb639da7ae00",140.6,"2020-03-05T12:03:56.532Z"
"457220df-d11a-4acd-a2bd-1cfb2a79fe54",206.2,"2022-01-08T06:07:12.387Z"
"7657b256-6f49-4c04-9b55-99ef8b0a50a6",967.14,"2020-09-12T00:03:13.603Z"
"e4b11cf3-ffcb-4c27-b6a5-7eef38b8fda9",634.15,"2021-06-23T04:27:49.636Z"
"0fb497dc-e029-4adf-b7ec-13392ab72e8e",633.09,"2020-04-05T03:55:58.833Z"
"91a9e3d3-8782-4796-8934-e47dc1135b53",836.38,"2020-02-21T05:03:43.782Z"
"889e63a3-09fd-4fe0-a6bc-a99eadf37005",268.6,"2021-02-26T14:10:36.669Z"
"ebcd982c-7527-434b-8542-07dd64999cc1",580.11,"2020-08-07T13:35:40.295Z"
"a301c58b-4201-4c79-b29a-56a5ac67273a",972.09,"2021-09-08T17:51:45.604Z"
"b850e902-2639-438b-9277-30a0e51df816",109.65,"2020-05-28T06:10:30.931Z"
"9bed2e08-b01c-4539-a7df-6935c9a96a7f",350.17,"2021-09-19T02:43:20.048Z"
"c6f7de36-0ff6-4adc-a05c-06a8e52d6128",114.81,"2021-04-25T16:25:10.697Z"
"ef5562ec-bb21-4862-99de-ecdd2c6089ff",782.77,"2021-11-10T16:30:06.935Z"
"88df9dd4-6ba2-4da2-a647-5f8cd71af510",495.17,"2020-05-20T09:56:59.600Z"
"b525d087-02b3-4309-9b0f-788245c6382e",698.74,"2021-09-24T20:39:00.327Z"
"0cffb4fb-ab44-4d74-af4e-49e86770047e",169.19,"2021-04-05T06:03:43.866Z"
"34fa37c5-e599-477b-974c-5e4052035c62",594.75,"2020-08-20T23:05:58.754Z"
"f3a464ef-290a-44a4-8deb-f4b9accaeeea",860.98,"2020-12-19T09:03:16.794Z"
"4c9bcf8d-28c9-4df3-8174-013e5a9355ab",315.51,"2021-07-26T20:52:20.768Z"
"b37b1dae-2346-4ce4-9912-835f7ee8b06c",194.92,"2020-07-17T20:11:28.034Z"
"902b2346-4a7a-4e07-805b-2eac29658496",985.91,"2022-02-19T15:33:15.259Z"
"e3f7705b-5da9-4f1b-b942-732807120c3b",564.01,"2021-06-03T19:44:43.628Z"
"7d550874-8866-489e-a349-ad010f25fff3",861.36,"2021-06-21T17:59:10.208Z"
"daef4b06-dcd6-447c-8a24-0623ceb0d726",451.31,"2021-12-10T23:24:36.660Z"
"5a3b3795-8651-44f7-8546-93ef3fb142e6",603.82,"2020-04-10T20:21:56.839Z"
"f0136fe2-8f22-4dce-b822-2da4ab062244",541.21,"2021-05-26T12:00:01.078Z"
"49298b9a-7c93-4b65-9c94-42d59fa0d8ee",795.75,"2021-08-13T05:28:39.622Z"
"5e0ad239-bc5f-48a2-a9cb-f84fed1d600a",310.29,"2020-10-13T15:43:29.244Z"
"1b7a9d30-b344-4804-84f0-136946650fda",997.46,"2020-08-11T14:03:24.166Z"
"31946ff6-fc11-4bf6-9a77-5c921e4085c0",400.35,"2021-11-17T05:45:11.648Z"
"c9b8f7d7-d33b-46b8-989d-6dacef67d3dd",11.32,"2021-06-12T17:08:01.963Z"
"b699fdbd-8507-43a7-8b6e-e383b048b851",603.39,"2021-10-18T14:51:37.065Z"
"a7b6c6b5-0b9c-44de-9893-8ea481ace036",516.62,"2020-12-07T06:57:24.079Z"
"0e2126da-459c-4d61-8879-b255b374ce0a",288.82,"2020-08-08T19:25:37.899Z"
"b314c5f5-96c3-42ec-8112-ced5b19a3a3e",357.62,"2021-06-08T02:38:30.056Z"
"e1f7f098-0b4d-499b-96e9-0d2be3c5bb38",987.72,"2021-11-08T22:32:56.700Z"
"c0944be3-5ea8-44ac-ad13-ddb268ed146b",533.09,"2020-01-12T04:07:02.001Z"
"f40f53f8-5f9c-486d-a84a-f08b4b23e94b",516.22,"2022-03-01T21:50:35.008Z"
"dd8a1955-4b1d-479d-beaa-f2009849f987",467.29,"2020-10-16T12:54:33.288Z"
"e3d9b9a4-38f5-437d-b9f3-1830935bd60c",640.88,"2020-06-11T09:24:35.669Z"
"182e13b0-324c-4f77-9d41-291dd7681885",236.5,"2021-12-24T00:00:34.915Z"
"1481f0dc-430b-48d4-b574-b043dcae7d3e",651.68,"2020-08-02T00:04:45.518Z"
"a413657c-094a-48e3-8b31-bcd483f339b5",622.53,"2020-01-14T12:12:29.877Z"
"25478770-e381-41d6-bea7-29279ca9c629",756.96,"2021-01-10T18:50:58.065Z"
"ae7fb71f-892a-4be4-9c3e-57c70bfdea9d",477.67,"2020-10-11T17:49:27.174Z"
"db37b61c-5176-4b30-a207-1a571f6bbbb9",260.95,"2021-12-28T22:46:06.669Z"
"fe3ba685-4bd1-484a-b097-f76126d2a24c",337.42,"2020-04-12T14:14:10.374Z"
"75099a88-2ba1-4f9e-bc03-5840288699ee",601.29,"2020-08-12T22:17:35.282Z"
"abd3f364-10bb-40e1-92a5-6ef1739e10c8",926.78,"2022-01-18T07:46:48.267Z"
"2331fb4e-a250-4d3a-a867-56bbcbb707ad",347.21,"2021-02-25T23:52:38.471Z"
"882136fb-d52b-4374-b6f9-ed4eefb5dac0",84.67,"2020-02-06T07:37:36.637Z"
"a9318941-dbde-4fc2-a443-d4059c12d592",161.57,"2021-12-11T20:22:12.028Z"
"94dc042d-d510-4880-9154-e487f7a62519",378.39,"2021-06-02T11:55:26.936Z"
"0d5afbb0-6d82-44f2-879f-07cc0b8edb02",240.28,"2021-03-13T18:26:11.207Z"
"be811765-5d0d-4734-aed5-8adc2333ec11",737.57,"2021-11-27T08:14:54.850Z"
"59182efc-dc82-4e87-a2ec-8f49ba9a5ff3",785.47,"2021-04-30T04:05:59.155Z"
"0fbc70b6-d5c0-4b3d-95b9-85e0d570d5c6",99.25,"2021-07-27T23:31:09.590Z"
"bfbc32ee-94da-4fd7-8b52-2333e65c1adb",710.92,"2020-07-30T17:16:07.210Z"
"13b2908a-25a9-4369-aad1-40ca87954ef0",847.34,"2020-10-15T14:59:32.274Z"
"2db060cf-be5c-4c25-8fa4-425feb44f4a0",850.77,"2020-08-04T17:17:21.055Z"
"853acd43-5023-43aa-bc1c-66ff52e7af22",841.07,"2021-07-18T19:59:56.829Z"
"a39a94ed-800f-454d-87aa-490a1912ef85",504.32,"2021-07-02T07:43:38.257Z"
"d686670c-f963-4637-a484-417108243d84",446.72,"2020-08-06T04:45:28.693Z"
"dc70326e-79c1-4ce6-a59b-abf6cf01d2b5",893.31,"2020-05-09T06:56:27.510Z"
"70bcc945-6ab7-4934-a122-d4d3e3a56fbf",621.95,"2021-06-25T13:19:33.316Z"
"143f9848-10b3-47da-a162-9cdd72e84dee",514.38,"2020-01-16T07:32:05.718Z"
"039dd0a1-23e5-4b74-8f08-2007742c0175",199.12,"2020-09-09T10:55:14.533Z"
"e7c0a1af-03f0-4c88-92a5-e29ac4ff05de",515.92,"2022-01-06T08:17:34.122Z"
"b03e9be3-fe62-4444-b2ac-4ffc9f0c45b9",140.18,"2020-07-11T09:12:24.476Z"
"c8468691-9162-463f-ba6a-570de8a5ec9c",767.47,"2021-04-17T16:02:22.727Z"
"90ad6f7e-f2bf-4953-adc1-108e8976c013",276.36,"2021-10-02T06:13:47.856Z"
"7c7df958-976c-4740-b95f-b34bbdcad4f2",416.12,"2020-09-10T16:07:21.961Z"
"66853f2a-0307-4f54-87c9-f394db318724",623.46,"2020-08-19T14:47:14.150Z"
"c2ecf60c-637b-4b6e-af90-662175c07276",702.22,"2021-04-27T03:59:20.487Z"
"643e179e-8c92-4696-bae4-ac997e4c4203",197.85,"2022-02-27T19:13:44.409Z"
"8eb296c5-482b-4977-bf3b-00f79287915b",452.38,"2020-09-18T08:56:22.310Z"
"e60948bd-2b2f-48db-96f2-d2a93da5e490",805.83,"2022-03-01T02:16:00.103Z"
"23c63823-8d01-44ea-90ea-177a4c2d8030",411.31,"2021-04-19T22:14:44.436Z"
"d876e825-51ea-4415-ba4d-2a9674b39015",611.44,"2022-02-16T09:34:30.219Z"
"b9be44cd-2912-4d46-9651-9e4de5e84a2d",316.06,"2020-08-01T09:26:05.645Z"
"dd5a5a69-bd00-43da-8390-060b8f824a07",596.16,"2020-11-19T07:01:08.672Z"
"e81ed023-4231-4b0b-8c4a-1474c421838c",522.2,"2021-07-31T00:40:52.032Z"
"358c5fcc-3b5a-455c-af7b-12fc7b90b3c6",621.82,"2021-09-21T15:07:10.472Z"
"010df361-f0ff-4f84-a2d7-370ecefbdd19",930.81,"2021-01-06T03:46:58.036Z"
"9abe1ebe-1e17-425b-9dbe-18bb39fa3971",720.21,"2020-04-20T22:20:43.942Z"
"d54d9185-bfdb-4fbc-b709-64698002f8cf",651.05,"2021-12-30T02:29:49.226Z"
"f6026e93-dbaa-44ba-90d6-9dc6402868ca",326.95,"2022-02-27T11:15:00.911Z"
"07f31777-d7fb-4894-84dc-d0c74ed4ca03",354.05,"2021-07-06T08:34:20.339Z"
"eeddcc95-68fb-49f6-9235-a3738dbd323a",765.8,"2020-11-07T15:17:57.716Z"
"063e6b07-e399-49cb-ad4e-e3054d01fa1d",880.53,"2020-06-01T03:24:51.429Z"
"253801f6-441a-4a11-bb97-7ea58a24f2c0",527.75,"2020-04-11T03:29:59.722Z"
"c5dd4394-4db1-44e4-9258-7ca33860407a",586.95,"2021-07-07T19:55:01.101Z"
"a77b85bb-cf89-4b3a-b630-011e6e186669",247.95,"2020-11-03T06:11:05.369Z"
"75b2300c-2d34-496a-9aae-3bb634728d54",312.87,"2021-06-09T13:19:36.872Z"
"27fdff7a-80df-4f61-bb57-9182a183258f",441.38,"2021-07-28T07:07:16.141Z"
"03d881c3-a5e0-40d5-95a0-b90439d00f5f",774.87,"2021-12-18T22:16:46.317Z"
"7feba98e-fe4d-4582-a11a-c066fa945886",774.11,"2020-12-06T00:36:59.681Z"
"cdaac3b7-cc80-4d66-8505-9c99b2ee2e73",87.59,"2021-01-12T13:08:09.789Z"
"2bfd1bf8-1a4d-46b6-b5b6-4f41829cf497",118.52,"2020-08-11T19:33:11.810Z"
"d9028c33-1a4b-45e5-9f42-b5102caa6170",829.46,"2020-03-31T18:01:10.804Z"
"21de24b4-05a3-4878-bdac-21736cebfd0b",139,"2021-11-28T16:47:11.098Z"
"84785262-c377-4ace-908a-9e5bdc3d0781",392.64,"2021-08-12T15:43:17.288Z"
"261e4a44-ec21-4c2b-aa61-97e65be8c76c",344.58,"2020-01-08T07:44:29.803Z"
"374fcf5d-0b4e-47b0-a537-7b21e4d61d74",449.52,"2020-09-07T04:20:52.807Z"
"aca34a30-f074-4337-bfb5-5b60d9e801b4",59.35,"2021-05-04T08:05:56.231Z"
"e6513960-703d-4670-be78-117821a2e808",133.77,"2020-09-04T18:53:11.768Z"
"c81de02e-0e21-4c36-9df5-c25e110eacdb",604.67,"2020-10-14T03:21:27.185Z"
"c70d271c-2251-4f69-a5dd-ad68a7df731a",935.15,"2021-04-16T06:16:45.823Z"
"8d4ee373-2dd6-44dc-a432-62639817b8ce",668.68,"2020-01-31T20:21:38.121Z"
"e1855190-406a-42a6-b500-b0d1ac6b21e9",119.82,"2021-11-08T08:27:12.936Z"
"e42e5806-0d40-45d5-b396-915e71165f15",563.35,"2020-06-07T08:39:46.853Z"
"c8154579-9660-404e-b9dd-9bbcd4c29dc1",360.61,"2021-08-31T18:40:55.927Z"
"31f52dcf-cb48-4126-9a9b-bbb46cd6d53e",86.14,"2021-04-25T08:49:26.863Z"
"4d8725ed-5b25-40a6-8d95-2a4d5ef01cbd",488.68,"2020-07-05T08:41:44.202Z"
"917dc9a3-16c9-4a2a-8acf-f848a2959784",142.35,"2020-04-26T08:20:04.918Z"
"f096abef-6ae1-4b70-b963-70a677dc9b06",428.8,"2020-09-04T21:00:45.077Z"
"8fbb7ea5-6924-4e4e-9c9a-74c2a617f143",511.49,"2020-12-28T09:07:39.196Z"
"1d057643-793f-4dc6-9e19-a0850bd2701c",618.29,"2020-05-30T09:23:07.994Z"
"4952a947-37e5-4360-809b-8d91754ea9ca",859.2,"2020-12-25T10:51:36.823Z"
"82b2062b-850d-4c34-bd59-78884a0615bc",990.44,"2021-07-29T18:53:47.895Z"
"916d99fb-b028-40b2-91cc-43527d2702b2",511.7,"2020-02-12T07:31:54.825Z"
"811116d6-7ce4-4b93-aef2-1f9ee0e654b2",544.76,"2020-11-26T02:47:27.797Z"
"acf6b42a-b435-435d-9faa-5f277ac3fe94",951.55,"2022-02-09T16:21:45.270Z"
"e1e1ba8d-2aca-46e2-8aa9-5e2e97ccdbbe",904.5,"2021-03-07T13:05:17.395Z"
"f23094e9-175f-4638-bbc4-4393e6df47e9",332.28,"2020-11-11T14:31:16.883Z"
"e45d717b-a93f-4874-b230-2c50c6d1a770",613.78,"2021-04-08T10:54:49.249Z"
"85ed0e09-2b70-499b-a0f8-48c41a201a69",82.96,"2020-03-28T23:55:16.053Z"
"592ebc3a-f252-4232-ac9e-bee9ccee7f77",443.52,"2022-02-04T11:34:06.725Z"
"33cf34a1-3604-474b-99fa-4c2250cd6ed6",639.13,"2021-11-05T05:53:57.073Z"
"75aceae1-390e-45c7-83d8-0143dca42add",14.01,"2021-08-25T12:46:56.547Z"
"94ec470e-88a1-4600-baac-97417edadad3",164.82,"2020-03-17T04:04:19.754Z"
"27f7fa78-2e15-40d0-88a4-5924da325073",350.07,"2021-11-26T17:55:28.275Z"
"7850b9de-85b5-4ee5-997b-2cbe2cea4c70",48.84,"2020-08-30T08:54:42.462Z"
"6d12ffe1-f6f2-4f11-8946-46b43a6120b8",253.48,"2021-09-16T12:14:25.981Z"
"a6d96626-9050-4ab1-89ab-1fa30178dcfa",659.75,"2021-12-07T10:23:45.705Z"
"04b69203-c865-41e7-a7a3-148d1e9cf685",55.61,"2022-02-26T08:12:56.107Z"
"7766d3d4-bd25-495b-ad63-9a5b5cc91045",565.7,"2020-12-14T20:50:32.065Z"
"8840a244-7660-4d90-9f58-5e8ab41d8db6",373.06,"2021-01-30T16:27:16.874Z"
"12fd22f7-a368-4008-9260-23147c7d433a",958.95,"2020-04-06T05:54:56.991Z"
"794fed87-2d07-4678-a575-dd4f7580b843",710.79,"2020-04-18T06:48:02.040Z"
"0bb98e12-a79a-426d-bb19-9bf662cf6bd5",464.51,"2020-11-28T02:34:12.887Z"
"099451cb-f6c4-46ba-9428-a4cd02fbf9d9",502.51,"2020-12-12T00:48:29.354Z"
"3c4292eb-0794-4548-8d3c-7fb022f9dd0c",837.48,"2020-06-08T00:23:10.842Z"
"03d545c1-633f-4926-a191-b17cc15822d3",237.54,"2020-02-17T13:17:11.475Z"
"63cc6e1b-ada1-4b6c-a65b-8f57aeebf145",87.26,"2020-07-09T18:18:09.487Z"
"9d2f2e51-0ec0-49e2-8850-39ddc8b0da8d",740.71,"2020-11-20T16:07:48.161Z"
"df728f3c-2f5d-40f9-b181-5ff8628443b8",765.99,"2020-07-28T18:55:30.870Z"
"778941cd-6b33-49b2-afa0-12fb6ea07557",689.29,"2020-04-03T08:07:01.460Z"
"13e3eaf1-6186-44c9-b191-d05f187e9d66",374.59,"2020-04-07T03:51:47.136Z"
"2b990a2c-ab17-49b4-8622-cb78b67b0109",248.5,"2020-08-22T20:48:50.965Z"
"0b56e3df-0136-4619-aa43-9a2c9d96dca1",519.78,"2021-03-14T19:07:17.757Z"
"29895fce-ea43-4984-b2c0-8a377d9586f2",447.27,"2020-06-28T10:45:58.632Z"
"c9656db1-f6bf-4aaa-89a6-ea5cd4dbd58e",208.93,"2021-10-03T05:39:07.626Z"
"a37dff8f-809d-4c88-aad8-7b9bc2d542cf",507.84,"2020-09-14T14:52:07.533Z"
"186be605-e5e8-4338-8783-b437d81c8c84",525.08,"2021-01-06T20:24:52.561Z"
"dbd8d2ae-3292-4e39-8b4b-62f66d8dda59",352.03,"2021-06-08T10:48:33.303Z"
"2f7b5224-65e0-4013-9269-d9f96a79d81a",548.92,"2021-06-22T00:21:07.369Z"
"bef8080b-eab6-4c79-a627-cb4f4823cb2f",768.31,"2021-06-07T01:04:25.063Z"
"cb501c1b-959e-405e-894e-315099f6b864",822.69,"2020-04-05T09:42:20.457Z"
"ce4712d1-9d67-42a0-a972-01ca837443fc",543.62,"2020-07-11T07:07:13.589Z"
"46c6cce4-0c5c-4e11-920c-799992b87bbf",700.07,"2020-02-12T21:29:34.768Z"
"04535e82-cefb-4d35-8761-fa924f3b9e69",727.26,"2021-03-14T01:10:56.561Z"
"b7c37511-2d8c-4b45-b689-a95e56f6fce3",59.84,"2021-12-22T15:29:59.645Z"
"d06fad04-373c-447d-a47d-c5ac02b629c6",826.9,"2020-05-31T09:19:46.004Z"
"ba349fb6-f306-4be3-9d03-f0701ac21c66",31.28,"2020-12-12T09:41:24.118Z"
"074fe924-e26b-413c-869f-017c74c273c8",614.58,"2021-09-09T21:32:00.811Z"
"493fe60e-1c77-43b2-8531-b7f06a06bcad",983.62,"2022-02-15T13:49:51.291Z"
"7dc1e087-12da-4205-a4fb-68c4ab605d6e",632.44,"2020-10-04T03:57:20.110Z"
"312c7559-a7d1-40bd-ba75-98d71ee192f0",737.81,"2022-01-08T03:29:09.285Z"
"bdb96acc-9293-4345-ba11-556be7d58116",66.52,"2020-02-13T06:43:53.447Z"
"49459190-67c1-488e-adec-1e5dee375abb",592.38,"2021-04-07T12:46:39.020Z"
"96b60620-716a-46dc-baf1-e85e9df6292e",662.94,"2020-02-21T05:01:22.539Z"
"32f3aaeb-d56f-4bab-a846-1aefaa905ebc",649.66,"2020-10-30T16:53:25.167Z"
"b1c6bb5f-90ca-460a-819c-83edd21f2e78",568.22,"2021-11-21T03:22:02.792Z"
"b1febcf7-1f3a-46fc-b19d-2120c0f99dca",825.12,"2021-11-29T05:07:47.684Z"
"7ecd516f-a2ce-4981-bd4d-434cfc16db9d",687.62,"2020-01-21T16:20:06.894Z"
"f65855d2-3e44-4171-929b-7cfcd589b5ea",60.27,"2022-01-07T16:47:02.599Z"
"7b9d1a8a-dece-4865-b823-b64eecc3f58b",574.61,"2020-06-19T19:30:12.325Z"
"f82ec7f3-1441-4845-8649-db376e82528d",765.04,"2021-10-01T21:40:59.479Z"
"d433738b-1026-4018-8950-1376a1fe85af",381.95,"2022-01-23T03:51:21.346Z"
"798c2215-7b6c-4318-b76e-ae0cc39dbe86",350.26,"2020-09-03T18:50:53.954Z"
"007ec4b7-b9e8-4ef3-a27f-c965ae5e59e2",538.43,"2021-11-21T14:58:29.231Z"
"d65ee2a7-f245-4443-a7b8-92531385117d",403.88,"2021-10-17T14:41:42.773Z"
"a4e04bc1-ab66-4e19-8696-99c466411987",67.34,"2020-08-08T13:06:42.389Z"
"b7e142aa-88a8-4f7a-a791-a4504f0489fe",623.56,"2021-06-29T20:54:51.500Z"
"c965c8ce-1a63-419a-af4f-97a2ea3a1444",22.53,"2021-02-26T16:22:59.580Z"
"1725e55a-2b05-4edf-a6a5-f69a216d9df2",249.38,"2020-02-01T05:31:08.907Z"
"61eb85c6-eb51-4d3a-b7b7-0c889c5de9d0",712.36,"2021-06-08T16:33:26.614Z"
"4eccfa1d-181b-4b5e-a6d0-28096c8e0034",516.7,"2020-05-26T20:23:22.252Z"
"9b08914f-5027-47bb-9c6a-dbe00775c6d2",491.71,"2020-06-03T16:02:19.910Z"
"8162d816-9f2a-46d0-a770-f51aa767d519",839.47,"2020-11-15T00:55:35.553Z"
"d431333f-f660-4933-8004-47eb4c6e3798",72.42,"2021-04-04T11:48:44.786Z"
"ddd54fc0-aef9-4309-b309-21f902f11485",110.17,"2020-09-15T14:07:07.105Z"
"59cab1c9-96f1-4496-ab1b-4d576e6b7f0e",881.67,"2021-12-22T12:49:56.437Z"
"eb383081-7c62-44bb-999b-6e2bb16e4bfa",367.07,"2021-07-08T06:13:09.722Z"
"7d17f25f-0f4f-4e6f-a25c-1dd1e1bf74af",707.48,"2021-03-18T16:21:43.456Z"
"27e0ee58-ff4d-4402-8b7d-13d4a042dbe0",997.35,"2021-10-06T10:53:05.063Z"
"6ed127a9-83d4-42d4-ab7e-8e766eb7bf68",340.01,"2021-02-09T07:13:48.669Z"
"d8d13bd3-a87c-4b6a-96c8-fe6286415988",62.5,"2020-11-10T23:49:09.724Z"
"f848d67d-7783-4931-827f-0ae5d842bd47",263.45,"2020-04-01T15:39:56.119Z"
"11bf0cdb-0a70-4f6a-8185-376e00ad2a64",200.68,"2021-10-26T02:51:08.718Z"
"2c946c3b-e81c-4aed-bf19-474495362e49",847.03,"2021-01-02T05:01:31.594Z"
"66cac552-5f18-4f4d-bfed-51709dd6f8c7",173.46,"2020-06-01T14:23:48.909Z"
"428492a2-8407-4923-bf3a-212449bc8feb",339.98,"2020-10-31T17:25:05.629Z"
"f938fa92-7713-436c-ae75-7de08fee5193",170.28,"2020-10-09T05:49:50.911Z"
"99a4a545-470f-4204-864a-134c1f9ddb31",438.47,"2020-08-06T09:35:26.900Z"
"2a1e306b-2b34-4626-ba1a-2f736b3dd3ba",210.21,"2020-08-01T17:51:51.856Z"
"681021f1-9582-4c5e-93b4-4fb491127cd7",913.87,"2021-09-03T23:43:06.703Z"
"a6700933-f741-4713-92dc-e8e9f8c0c4b0",556.17,"2020-06-23T01:13:49.846Z"
"d18844c9-7790-46dc-b6b4-b7ad23bdd6b0",181.12,"2020-06-25T01:02:58.939Z"
"e8719bab-368b-4b98-a1f4-33488520d6a5",748.73,"2021-12-28T19:04:35.209Z"
"61ed1773-f2e2-4253-b6e3-b16c1c7ef60b",543.36,"2020-03-20T23:29:03.557Z"
"b85b26b2-5e88-49f5-ad4f-202ae1c5bced",167.35,"2021-10-28T21:28:32.094Z"
"cccd0471-b929-4b03-8931-8948a961ac10",581.94,"2021-02-12T18:01:45.670Z"
"b32544f9-13a7-45c5-a111-7a3b3f09f7c0",593.27,"2020-08-11T00:18:18.806Z"
"bfc8ef4d-96d1-48b5-bfc9-59fa0fa4468d",325.19,"2020-01-23T20:30:39.722Z"
"f12773cb-1153-4396-8503-0f305e4bcc2a",364.82,"2021-02-12T13:22:14.313Z"
"b68f14c1-ffa5-4a3f-b54f-7ade776c739c",37.24,"2020-08-20T15:51:52.459Z"
"690a0cf9-c558-4ba8-ab82-4f574a02cd59",201.9,"2021-05-09T08:01:24.322Z"
"60766aa3-6cf6-48e6-a78a-4af7613f2bd2",786.26,"2021-12-25T15:21:47.194Z"
"298c817b-d833-4b3d-8e15-781cbaed4b39",666.2,"2020-06-06T13:54:06.623Z"
"3a049893-a27b-4a9a-b1d5-31a73eff8fa1",756.35,"2020-02-22T07:48:32.826Z"
"8fa41d16-d0be-48ee-9cbd-799e4f3884d3",258.81,"2020-06-15T12:41:24.031Z"
"f29df83b-7733-4f12-8512-b8f69fe49c28",111.18,"2021-12-14T07:29:27.032Z"
"1c9c3198-b8f4-434a-8f14-5245baa3b1d2",740.53,"2021-04-15T12:37:09.774Z"
"b9b94070-7936-4298-aebe-588129bb1111",124.03,"2020-08-22T06:07:33.020Z"
"32bd6110-dd1e-4a91-9928-3d7cbb274e98",729.98,"2020-04-01T12:33:58.569Z"
"02d82cfd-8395-4b17-96a8-15c0a57f5587",129.97,"2021-01-01T02:57:28.872Z"
"18f6b5e5-7cd4-4038-a654-565d65940b2f",703.24,"2020-05-30T15:25:21.978Z"
"14efcb5e-636b-4f92-b310-1c1d90660893",428.33,"2020-06-25T09:21:54.407Z"
"ee8fb5ba-502d-497b-973b-485aa2c4cdb0",753.78,"2020-12-28T05:30:05.444Z"
"d5c36033-5d48-44e7-ac90-f06e83258fb9",504.22,"2021-06-09T02:04:55.104Z"
"94ed4d61-7e92-4304-b541-6fe36885001d",448.4,"2020-11-18T10:02:46.739Z"
"4d73c8e9-92fc-409e-8163-a46bf8967868",910.7,"2021-09-14T03:50:40.481Z"
"2a84d91b-74af-4131-b4d2-4de0b41beef0",114.49,"2020-06-21T13:57:23.813Z"
"fdfdc1ff-555b-49bd-a6fa-635ec7966acc",656.92,"2020-08-18T15:42:34.825Z"
"35ad23c1-a612-42bd-bba0-665d2ee0b675",40.8,"2020-04-27T20:22:06.603Z"
"8030fdcd-0cf0-4620-9048-1f8066b3f798",602.73,"2020-09-29T19:51:26.805Z"
"0fe22d53-58bc-48f5-9ffc-80244df079cd",18.82,"2020-06-28T06:30:44.260Z"
"b5fa0ee7-e432-4daf-8383-4f8ea3b3372b",54.45,"2020-12-23T22:19:40.009Z"
"03c6e153-bb46-4b34-be18-38caa6718aeb",122.39,"2021-06-17T21:19:09.408Z"
"3440bc5a-fba9-428b-b26e-912194de9add",313.05,"2021-06-27T10:14:28.202Z"
"8d52c07d-fcf2-4182-9f26-02451eb58450",385.99,"2021-08-18T15:22:39.682Z"
"af146a28-28fd-4d87-b080-5001d8ccb223",375.36,"2020-04-01T19:00:56.577Z"
"7766a8b5-f639-46e1-b1e1-ec839c1c8607",341.75,"2020-06-24T21:15:07.109Z"
"41081a4a-1201-43e1-ba3c-ce30e3418b5c",980.83,"2022-01-10T11:54:14.754Z"
"9f3e6757-2295-45c6-a5ad-07bb41ef6038",768.41,"2021-08-06T04:06:47.180Z"
"a194f271-9beb-4225-90a7-8c59325d4729",917.72,"2020-03-28T14:02:00.405Z"
"9e3b29fe-8ce4-4d85-bde5-949ac4734b72",490.99,"2020-10-16T19:23:15.880Z"
"b0d4beeb-dfd8-4738-9bd8-2886090b81d4",522.07,"2020-01-09T12:13:14.240Z"
"b038f9c3-967f-499f-9271-201d4eb4a96a",654.47,"2020-08-08T06:35:46.817Z"
"a834b8fa-178f-48e5-80a7-5ae9620b2c8a",796.79,"2020-10-05T05:56:52.932Z"
"33361c48-81c9-4850-b2cd-368af1e16fc7",126.06,"2022-02-22T22:35:39.759Z"
"a65050e9-196b-47b3-ba2c-351da52cf7a9",248.44,"2021-06-24T13:23:50.661Z"
"01dd180e-2331-4fd0-bdc8-e7a976efb081",533.55,"2020-10-21T20:39:36.049Z"
"365cbd7f-290c-4431-853f-c870a1344ee3",217.53,"2020-01-20T01:46:15.728Z"
"d872823f-5c9c-4916-bc29-e011bd62ed2d",988.37,"2020-06-19T05:35:35.675Z"
"ac9fc840-28a6-4576-9798-3a40eb3ad2f5",484.76,"2021-03-14T11:35:17.511Z"
"e1ee018a-4f89-4681-8527-c7c63cdb5f33",900.38,"2021-11-17T20:08:53.351Z"
"9645e2c4-5a72-4fad-8acb-7cc2d775a08e",409.58,"2021-09-02T07:10:59.462Z"
"b73b689d-6697-4441-9cae-79ff5b8fe3c5",219.23,"2021-03-29T22:04:11.633Z"
"bff9eaeb-0d8c-4c7b-a747-cdd2dd03c30c",883.72,"2021-12-01T16:58:01.623Z"
"8eaab61c-fb25-4fec-9d13-c43829b22487",463.73,"2021-07-02T01:07:17.080Z"
"c195f621-fa59-417e-8b67-43800be857f6",366.87,"2022-01-04T23:43:31.583Z"
"7115ad94-57ac-45a0-b0d9-9a6f4d5072cf",719.77,"2020-07-08T05:13:40.047Z"
"74372af1-2270-4352-a93f-b1281420ed79",65.51,"2020-08-19T04:26:18.188Z"
"c7777d89-ceb8-4e3b-85f8-22975e362fdd",766.05,"2021-06-27T11:22:40.385Z"
"30b7a176-c7d3-42b2-9985-d1a5347766de",303.63,"2021-11-09T12:56:56.413Z"
"f786fdb9-96b3-4560-b04e-28ea94a65c9f",623.64,"2021-09-11T14:03:09.714Z"
"44288486-38ed-4145-87a1-1f6a6b7366c3",189.5,"2020-04-02T22:05:11.042Z"
"6e12d9a6-1444-472f-8655-183d4d670ea2",980.96,"2021-01-15T05:56:59.959Z"
"df975fcd-ec59-43fb-9f8b-53502d825d41",291.12,"2022-02-04T18:43:20.676Z"
"a553f55c-6186-4ce6-ab10-dcef5d2ca7bc",622.83,"2020-07-16T05:41:37.670Z"
"2fc4886b-0b22-4caf-8458-ed87afa852f1",309.46,"2020-11-13T16:25:40.053Z"
"956081f6-f5d4-4c79-ab73-a27a08f92100",402.03,"2020-05-15T08:26:15.718Z"
"13fa5b53-fed6-4ab1-8efe-b543cc01eecb",842.29,"2022-01-23T02:47:29.507Z"
"53ceb002-248a-434b-9b48-9f95149fd4bd",60.67,"2021-11-18T10:04:42.265Z"
"426a3ab6-fe80-4020-ab33-120a20bd9257",831.84,"2020-07-24T11:22:53.072Z"
"146ba030-943c-457c-8c97-7d96d0d6551d",692.44,"2021-10-17T09:29:22.774Z"
"1de9018f-330b-4881-aa07-ef26b23aae7f",236.85,"2020-02-20T18:44:36.328Z"
"347765de-5618-41b6-b1a5-83e6849ce6d7",766.37,"2022-02-19T09:31:07.847Z"
"4abb0ce2-611e-4764-8e59-5c0b7f5d0850",345.22,"2021-03-06T03:30:51.148Z"
"c221c280-67da-4cf9-b565-02404e03afa5",358.58,"2021-05-28T13:21:18.329Z"
"fd3f4b8b-d82f-4978-a083-f0d0d3ccbed3",386.44,"2020-06-04T20:53:30.462Z"
"10baedc9-96fd-4871-9323-bb5150387f2f",503.52,"2021-04-18T08:26:31.969Z"
"542c668d-2737-4002-be93-bdbd08fd8cc1",753,"2020-02-18T03:09:01.198Z"
"dd16572e-7c8a-4665-a211-bd94b7c98bfd",354.95,"2020-08-21T11:42:16.581Z"
"ec6dfb41-8c0f-4a26-a023-108551537398",630.74,"2020-09-19T01:24:19.257Z"
"83b33fb8-ab90-4b79-93f0-c81a2ffbd692",309,"2021-07-14T23:13:51.803Z"
"fe1ebe5e-aaf9-4ecd-bf0e-35e8095062c8",308.69,"2020-08-19T13:14:05.787Z"
"c21fe86e-cd3f-4b38-be36-98e7b11bf97a",618.56,"2020-01-26T05:43:55.230Z"
"e7437fa4-b21f-402f-b479-081e217c9362",874.92,"2020-04-11T10:14:45.857Z"
"8c488314-9d9d-4048-bb8d-7f55b5d0b868",229.19,"2022-02-09T00:37:15.860Z"
"6a6f8a59-d2d6-426a-9bcd-1d038badaf86",979.52,"2020-06-11T01:00:59.582Z"
"b6846020-720d-4d3f-81ba-ed02aff9cc5b",622.92,"2021-02-27T17:11:50.713Z"
"b4e3d980-4f9d-4119-aa6f-5f4763d355c2",110.63,"2022-01-01T21:27:42.614Z"
"83cd645f-8f1b-40ea-b01b-97173547111d",867.84,"2021-07-09T13:23:59.085Z"
"721d6ea0-5d40-43c0-b9cc-b9892f46ac1b",499.63,"2021-09-12T22:51:30.543Z"
"fececa70-1a04-43a9-9d49-73f703cb4910",307.9,"2020-09-07T22:57:47.421Z"
"83bd33ec-c536-460a-97cd-b8c7fd91a003",890.03,"2020-01-24T03:34:59.414Z"
"2f643c4a-c13c-45e6-a144-11c031af7a41",534.2,"2020-10-07T12:21:33.925Z"
"4c3c40f9-7f0b-4b47-b528-96904ef5482c",668.16,"2021-12-09T16:51:11.120Z"
"212a8d94-c31e-4649-8a90-848d60a8f3f4",925.11,"2022-01-08T00:41:58.822Z"
"69ee4941-9cdc-43e8-bba9-f26cbb854a75",486.91,"2020-06-14T22:03:46.165Z"
"97a6d117-b8db-4ce7-8fd1-c0f18b902c3b",369.67,"2021-04-07T04:24:55.764Z"
"09b51b06-277a-4c96-ae51-fb1f487022b5",231.55,"2020-03-20T19:36:05.265Z"
"b43df7c5-ceb3-4ed6-9e45-b67929559c5b",753.5,"2020-08-05T20:24:59.536Z"
"81d448cb-76de-42b7-85de-7b9e498756d7",271.34,"2020-01-25T03:56:22.006Z"
"4c8c397f-b97f-4ade-aae2-4a4521d3ad45",627.17,"2020-11-22T15:34:26.577Z"
"283060ba-ed6e-45a9-9166-ee853dea39ec",359.6,"2021-05-31T12:57:11.284Z"
"8b8389f0-9b1d-4fbb-a48f-62e78871c41d",99.67,"2021-10-03T17:32:42.327Z"
"9f7116f9-37f9-4b46-8065-d16813e5ca40",879.51,"2021-02-20T09:05:51.697Z"
"4afb79fd-b82d-41c3-8ac2-104827800008",566.92,"2020-02-15T19:14:40.086Z"
"478d3461-61d9-4d02-9b46-da7924adc90d",200.01,"2020-09-15T00:34:10.260Z"
"a39a83d2-a9b5-424c-9e76-e7f1e7d98af2",735.96,"2021-08-15T12:46:10.699Z"
"4577f202-73b6-451f-99be-2217b83c3f42",179.43,"2020-07-17T02:28:03.849Z"
"77e4a793-6be2-48a6-a93b-cab4eced387a",112.47,"2020-08-31T16:36:20.649Z"
"7b4fdf76-eb97-411e-bcd7-d17378a8593d",77.32,"2020-11-18T08:02:27.145Z"
"87f41fb6-06e4-4265-80ee-6a0ac4720f7e",814.72,"2021-06-23T21:15:46.701Z"
"c78e3253-43bd-433b-b3b0-50820f2df189",730.1,"2021-11-15T00:11:35.518Z"
"c65bd61b-a97e-4e24-8629-5ab327c13cde",870.22,"2022-02-01T23:23:09.469Z"
"48f9ab49-5e05-4dab-b97d-decdd43182c5",765.67,"2021-09-01T23:55:26.656Z"
"57a33c1f-7683-4fdf-ab5b-561e0ea5d6db",97.99,"2020-04-26T23:46:29.514Z"
"9316315a-ce0d-4dde-a44d-b125d908f7c8",114.85,"2020-11-21T01:47:41.274Z"
"d4a66a57-3973-4eca-8181-2895cdf5850e",449.77,"2021-09-01T12:16:11.122Z"
"c60a613f-76e5-419c-b43e-1cfad45cf2a1",487.73,"2021-06-24T07:06:55.496Z"
"92bf1f6b-36d7-473e-8c4e-324c50d6eca3",346.37,"2021-05-25T03:03:03.566Z"
"fdf6e1be-5028-4cc5-a927-e3a8fc3f28e3",645.91,"2020-06-11T10:37:49.800Z"
"1a9fd57b-5eac-4b2a-a8ed-833a1e2c1f6f",366.62,"2021-08-26T04:36:13.101Z"
"7fee4e55-56a5-413a-bfec-9c92b77d2130",543.28,"2020-08-29T23:27:54.975Z"
"62b5af3a-4eb3-4fec-923d-5f0c9b6a46ec",936.93,"2021-08-15T00:10:51.753Z"
"a97409c4-c922-4f08-a1c5-05395307db15",26.89,"2020-08-07T03:28:45.345Z"
"86ba944f-236c-46e9-839b-77285cdf031c",671.49,"2021-02-23T03:28:26.985Z"
"a2f0be3c-9b90-4082-83c9-d938a5c302f3",806.53,"2020-11-11T00:27:57.823Z"
"575b0a8c-6589-4cdc-aa85-04a9d6b9a137",723.52,"2020-05-27T01:36:44.705Z"
"070b64b3-b213-4b0d-b836-a239d358e093",332.31,"2020-04-15T19:15:02.695Z"
"01f757dd-9a71-48af-bab6-eeadbd21bfcf",540.17,"2020-10-28T23:16:18.193Z"
"24e04dfc-9c71-4726-89dd-4014a1280b03",779.16,"2021-09-23T09:40:16.534Z"
"376e158d-2047-4b3c-9869-750924060259",728.23,"2021-08-07T14:28:20.949Z"
"c87cd5e0-ca01-4c99-a0cd-daab7a91774c",730.48,"2022-01-14T12:47:11.219Z"
"36c764c1-cba0-430c-ac44-05e459e29cb2",874.98,"2020-06-17T19:45:03.220Z"
"240f62d9-52e2-4634-8f3f-5f214ce1464c",269.4,"2020-01-25T05:00:07.576Z"
"f8478720-7175-47ca-a3a1-4d3dbdc374de",282.36,"2021-02-27T05:15:43.219Z"
"7d90908b-3945-4db9-94b6-6635b60dcdfc",533.97,"2021-02-12T22:25:04.183Z"
"f918d9da-81a8-4a8c-9820-cd4282b541a2",654.9,"2020-02-26T14:04:15.424Z"
"e47eb243-048b-4b03-9768-b40ba6c8e3b4",674.12,"2020-07-30T09:15:56.214Z"
"0236c44b-342d-4c91-badf-8262e6cee217",896.83,"2021-03-23T18:02:02.503Z"
"a7c6c266-a1b3-421c-a533-766c0c17629e",825.95,"2020-10-11T02:47:09.544Z"
"909d56be-fb80-4dcb-aa1e-72ef7826df15",822.8,"2020-07-24T06:30:11.081Z"
"53e47a8d-73f8-4d5c-9c4e-f9e979ce3a0b",55.37,"2021-01-03T02:20:43.831Z"
"d159b2e3-2511-4d29-957b-0052ef7ad981",604.68,"2020-10-08T22:04:29.231Z"
"ce503df0-9478-4ab2-9750-8b2aeba5fb87",195.8,"2022-02-05T22:36:29.561Z"
"73c4a8a9-974f-43e6-8888-676e09f1cf86",591.08,"2021-11-26T02:12:07.461Z"
"bdb24eae-f5bc-4c1e-8d93-7b9fa2001ebb",782.74,"2020-06-12T22:11:17.875Z"
"8a7fc951-8f0a-4c91-a04e-7f768013cd22",768.04,"2021-10-11T13:56:27.412Z"
"3e4fa27f-682d-47c2-8884-9e625e115b6e",170.83,"2021-01-18T13:19:48.857Z"
"6e45b6ad-0244-4ea0-a35b-f94f47fb752d",957.36,"2020-01-15T06:35:36.319Z"
"55cf47f9-27b3-4bf0-b7d2-62af7dae6c18",954.93,"2022-01-17T16:51:30.473Z"
"e6175996-0a51-42cc-a79c-0f849468ce22",522.96,"2020-07-19T12:07:19.282Z"
"f48cd472-b0d7-4451-9ad2-94d6df7621c3",30.93,"2020-04-19T23:51:17.247Z"
"02208900-f797-4b14-b01a-8cc5e382a7c8",376.48,"2021-07-05T06:05:09.075Z"
"e5fc2fa4-9e8c-4577-9c13-2aa2ff60c500",611.21,"2021-02-28T22:10:59.216Z"
"fb40871a-1ee5-46c3-be2a-9544dd18e76f",982.82,"2020-06-12T19:50:09.985Z"
"4b75347f-63ad-4a46-8182-4e97fbf4a1a1",231.64,"2022-02-07T21:12:46.170Z"
"7c2e639c-9687-42a4-971e-3b3df05e89f9",413.86,"2020-11-12T16:23:59.313Z"
"0dab4b6c-98d0-48ac-ad2d-5ae86b9dd08a",575.95,"2021-07-20T19:45:11.628Z"
"23dfdcf0-33b5-4871-8a3e-20c7ee2e69f7",346.02,"2021-05-20T10:45:51.464Z"
"555f9ba1-bd51-4d74-9b5f-ceab3da13547",227.81,"2021-09-30T21:58:49.584Z"
"56243f85-559e-472a-895c-491577300718",162.22,"2020-04-22T16:56:36.453Z"
"c8894a47-e482-4617-b1ac-b254772d4c8b",755.37,"2021-11-08T06:30:31.698Z"
"19a561e4-8454-4fa5-be4d-b5aa0f229276",112.03,"2020-11-25T06:02:20.169Z"
"4f6893df-c9fd-4ea1-a550-329046bb98dd",11.09,"2020-04-05T04:40:10.048Z"
"c590d7ab-c7aa-495b-9bde-dbde40b4d9f9",103.48,"2020-10-25T19:42:59.695Z"
"f5ce0935-e155-410c-bab0-68b09f1b7b84",368.34,"2020-08-29T17:22:36.740Z"